-- ===========================================================================
-- 0002_seed_colleges.sql — Seed data for counseller V1.
--
-- Source: Snapshot of public 2023 & 2024 closing ranks/marks/percentiles from
--   - JoSAA last round (national exams: JEE Main, JEE Advanced)
--   - Respective state CET counseling boards (MHT-CET, KCET, AP-EAMCET, WBJEE)
--   - Institute admissions pages (BITSAT, VITEEE)
--
-- Exam-to-college eligibility (enforced by which cutoff rows are inserted):
--   - IITs        : JEE_ADVANCED only.
--   - NITs/IIITs  : JEE_MAIN only (AI pool / all-India).
--   - BITS        : BITSAT only.
--   - COEP/VJTI/PICT (Maharashtra) : MHT_CET with home_state_advantage=true.
--   - VIT         : VITEEE only.
--   - RVCE/BMSCE/PES (Karnataka)   : KCET with home_state_advantage=true.
--   - IIIT-H(AP) / JNTU / AU       : AP_EAMCET with home_state_advantage=true.
--   - Jadavpur / IIEST (W.B.)      : WBJEE with home_state_advantage=true.
--
-- EDIT RULE: To revise cutoffs, write a NEW migration (000N_seed_update.sql).
--   DO NOT edit this file — applied migrations are skipped by the runner.
-- ===========================================================================

-- ---------------------------------------------------------------------------
-- COLLEGES
-- ---------------------------------------------------------------------------

INSERT INTO colleges (id, name, short_name, state, city, tier, annual_fees_lakhs) VALUES ('iit_bombay', 'Indian Institute of Technology Bombay', 'IIT-B', 'Maharashtra', 'Mumbai', 1, 2.5) ON CONFLICT (id) DO NOTHING;
INSERT INTO colleges (id, name, short_name, state, city, tier, annual_fees_lakhs) VALUES ('iit_delhi', 'Indian Institute of Technology Delhi', 'IIT-D', 'Delhi', 'New Delhi', 1, 2.5) ON CONFLICT (id) DO NOTHING;
INSERT INTO colleges (id, name, short_name, state, city, tier, annual_fees_lakhs) VALUES ('iit_madras', 'Indian Institute of Technology Madras', 'IIT-M', 'Tamil Nadu', 'Chennai', 1, 2.5) ON CONFLICT (id) DO NOTHING;
INSERT INTO colleges (id, name, short_name, state, city, tier, annual_fees_lakhs) VALUES ('iit_kharagpur', 'Indian Institute of Technology Kharagpur', 'IIT-KGP', 'West Bengal', 'Kharagpur', 1, 2.5) ON CONFLICT (id) DO NOTHING;
INSERT INTO colleges (id, name, short_name, state, city, tier, annual_fees_lakhs) VALUES ('iit_kanpur', 'Indian Institute of Technology Kanpur', 'IIT-K', 'Uttar Pradesh', 'Kanpur', 1, 2.5) ON CONFLICT (id) DO NOTHING;
INSERT INTO colleges (id, name, short_name, state, city, tier, annual_fees_lakhs) VALUES ('iit_roorkee', 'Indian Institute of Technology Roorkee', 'IIT-R', 'Uttarakhand', 'Roorkee', 1, 2.5) ON CONFLICT (id) DO NOTHING;
INSERT INTO colleges (id, name, short_name, state, city, tier, annual_fees_lakhs) VALUES ('iit_guwahati', 'Indian Institute of Technology Guwahati', 'IIT-G', 'Assam', 'Guwahati', 1, 2.5) ON CONFLICT (id) DO NOTHING;
INSERT INTO colleges (id, name, short_name, state, city, tier, annual_fees_lakhs) VALUES ('iit_hyderabad', 'Indian Institute of Technology Hyderabad', 'IIT-H', 'Telangana', 'Hyderabad', 1, 2.5) ON CONFLICT (id) DO NOTHING;

INSERT INTO colleges (id, name, short_name, state, city, tier, annual_fees_lakhs) VALUES ('nit_trichy', 'National Institute of Technology Tiruchirappalli', 'NIT-T', 'Tamil Nadu', 'Tiruchirappalli', 2, 1.8) ON CONFLICT (id) DO NOTHING;
INSERT INTO colleges (id, name, short_name, state, city, tier, annual_fees_lakhs) VALUES ('nit_warangal', 'National Institute of Technology Warangal', 'NIT-W', 'Telangana', 'Warangal', 2, 1.8) ON CONFLICT (id) DO NOTHING;
INSERT INTO colleges (id, name, short_name, state, city, tier, annual_fees_lakhs) VALUES ('nit_calicut', 'National Institute of Technology Calicut', 'NIT-C', 'Kerala', 'Kozhikode', 2, 1.8) ON CONFLICT (id) DO NOTHING;
INSERT INTO colleges (id, name, short_name, state, city, tier, annual_fees_lakhs) VALUES ('nit_surathkal', 'National Institute of Technology Karnataka, Surathkal', 'NIT-K', 'Karnataka', 'Mangaluru', 2, 1.8) ON CONFLICT (id) DO NOTHING;
INSERT INTO colleges (id, name, short_name, state, city, tier, annual_fees_lakhs) VALUES ('nit_rourkela', 'National Institute of Technology Rourkela', 'NIT-RKL', 'Odisha', 'Rourkela', 2, 1.8) ON CONFLICT (id) DO NOTHING;
INSERT INTO colleges (id, name, short_name, state, city, tier, annual_fees_lakhs) VALUES ('nit_durgapur', 'National Institute of Technology Durgapur', 'NIT-DGP', 'West Bengal', 'Durgapur', 2, 1.8) ON CONFLICT (id) DO NOTHING;
INSERT INTO colleges (id, name, short_name, state, city, tier, annual_fees_lakhs) VALUES ('nit_jaipur', 'Malaviya National Institute of Technology Jaipur', 'MNIT', 'Rajasthan', 'Jaipur', 2, 1.8) ON CONFLICT (id) DO NOTHING;
INSERT INTO colleges (id, name, short_name, state, city, tier, annual_fees_lakhs) VALUES ('nit_allahabad', 'Motilal Nehru National Institute of Technology Allahabad', 'MNNIT', 'Uttar Pradesh', 'Prayagraj', 2, 1.8) ON CONFLICT (id) DO NOTHING;

INSERT INTO colleges (id, name, short_name, state, city, tier, annual_fees_lakhs) VALUES ('iiit_hyderabad_jee', 'International Institute of Information Technology Hyderabad', 'IIIT-H', 'Telangana', 'Hyderabad', 2, 1.5) ON CONFLICT (id) DO NOTHING;
INSERT INTO colleges (id, name, short_name, state, city, tier, annual_fees_lakhs) VALUES ('iiit_allahabad', 'Indian Institute of Information Technology Allahabad', 'IIITA', 'Uttar Pradesh', 'Prayagraj', 2, 1.5) ON CONFLICT (id) DO NOTHING;
INSERT INTO colleges (id, name, short_name, state, city, tier, annual_fees_lakhs) VALUES ('iiit_bangalore', 'International Institute of Information Technology Bangalore', 'IIIT-B', 'Karnataka', 'Bangalore', 2, 1.5) ON CONFLICT (id) DO NOTHING;
INSERT INTO colleges (id, name, short_name, state, city, tier, annual_fees_lakhs) VALUES ('iiit_gwalior', 'Atal Bihari Vajpayee Indian Institute of Information Technology and Management Gwalior', 'IIITM', 'Madhya Pradesh', 'Gwalior', 2, 1.5) ON CONFLICT (id) DO NOTHING;

INSERT INTO colleges (id, name, short_name, state, city, tier, annual_fees_lakhs) VALUES ('bits_pilani', 'Birla Institute of Technology and Science, Pilani', 'BITS-P', 'Rajasthan', 'Pilani', 2, 5.5) ON CONFLICT (id) DO NOTHING;
INSERT INTO colleges (id, name, short_name, state, city, tier, annual_fees_lakhs) VALUES ('bits_goa', 'Birla Institute of Technology and Science, Pilani — Goa', 'BITS-G', 'Goa', 'Vasco', 2, 5.5) ON CONFLICT (id) DO NOTHING;
INSERT INTO colleges (id, name, short_name, state, city, tier, annual_fees_lakhs) VALUES ('bits_hyderabad', 'Birla Institute of Technology and Science, Pilani — Hyderabad', 'BITS-HYD', 'Telangana', 'Hyderabad', 2, 5.5) ON CONFLICT (id) DO NOTHING;

INSERT INTO colleges (id, name, short_name, state, city, tier, annual_fees_lakhs) VALUES ('coep_pune', 'College of Engineering Pune', 'COEP', 'Maharashtra', 'Pune', 2, 1.2) ON CONFLICT (id) DO NOTHING;
INSERT INTO colleges (id, name, short_name, state, city, tier, annual_fees_lakhs) VALUES ('vjti_mumbai', 'Veermata Jijabai Technological Institute', 'VJTI', 'Maharashtra', 'Mumbai', 2, 1.0) ON CONFLICT (id) DO NOTHING;
INSERT INTO colleges (id, name, short_name, state, city, tier, annual_fees_lakhs) VALUES ('pict_pune', 'Pune Institute of Computer Technology', 'PICT', 'Maharashtra', 'Pune', 3, 1.4) ON CONFLICT (id) DO NOTHING;

INSERT INTO colleges (id, name, short_name, state, city, tier, annual_fees_lakhs) VALUES ('vit_vellore', 'Vellore Institute of Technology, Vellore', 'VIT-V', 'Tamil Nadu', 'Vellore', 2, 3.8) ON CONFLICT (id) DO NOTHING;
INSERT INTO colleges (id, name, short_name, state, city, tier, annual_fees_lakhs) VALUES ('vit_chennai', 'Vellore Institute of Technology, Chennai', 'VIT-C', 'Tamil Nadu', 'Chennai', 2, 3.8) ON CONFLICT (id) DO NOTHING;

INSERT INTO colleges (id, name, short_name, state, city, tier, annual_fees_lakhs) VALUES ('rvce_bangalore', 'R.V. College of Engineering', 'RVCE', 'Karnataka', 'Bangalore', 2, 4.5) ON CONFLICT (id) DO NOTHING;
INSERT INTO colleges (id, name, short_name, state, city, tier, annual_fees_lakhs) VALUES ('bmsce_bangalore', 'B.M.S. College of Engineering', 'BMSCE', 'Karnataka', 'Bangalore', 2, 3.8) ON CONFLICT (id) DO NOTHING;
INSERT INTO colleges (id, name, short_name, state, city, tier, annual_fees_lakhs) VALUES ('pes_bangalore', 'PES University', 'PESU', 'Karnataka', 'Bangalore', 2, 4.0) ON CONFLICT (id) DO NOTHING;

INSERT INTO colleges (id, name, short_name, state, city, tier, annual_fees_lakhs) VALUES ('iiit_hyd_ap', 'International Institute of Information Technology Hyderabad (AP Quota)', 'IIIT-H-AP', 'Telangana', 'Hyderabad', 2, 1.5) ON CONFLICT (id) DO NOTHING;
INSERT INTO colleges (id, name, short_name, state, city, tier, annual_fees_lakhs) VALUES ('jntu_hyderabad', 'Jawaharlal Nehru Technological University Hyderabad', 'JNTU-H', 'Telangana', 'Hyderabad', 3, 0.5) ON CONFLICT (id) DO NOTHING;
INSERT INTO colleges (id, name, short_name, state, city, tier, annual_fees_lakhs) VALUES ('au_visakhapatnam', 'Andhra University College of Engineering', 'AU-COE', 'Andhra Pradesh', 'Visakhapatnam', 3, 0.4) ON CONFLICT (id) DO NOTHING;

INSERT INTO colleges (id, name, short_name, state, city, tier, annual_fees_lakhs) VALUES ('jadavpur_univ', 'Jadavpur University', 'JU', 'West Bengal', 'Kolkata', 2, 0.3) ON CONFLICT (id) DO NOTHING;
INSERT INTO colleges (id, name, short_name, state, city, tier, annual_fees_lakhs) VALUES ('iiest_shibpur', 'Indian Institute of Engineering Science and Technology, Shibpur', 'IIEST', 'West Bengal', 'Howrah', 2, 0.4) ON CONFLICT (id) DO NOTHING;

-- ---------------------------------------------------------------------------
-- BRANCHES
-- ---------------------------------------------------------------------------

INSERT INTO branches (id, college_id, name) VALUES ('iit_bombay_cse', 'iit_bombay', 'Computer Science and Engineering') ON CONFLICT (id) DO NOTHING;
INSERT INTO branches (id, college_id, name) VALUES ('iit_bombay_ee', 'iit_bombay', 'Electrical Engineering') ON CONFLICT (id) DO NOTHING;
INSERT INTO branches (id, college_id, name) VALUES ('iit_bombay_me', 'iit_bombay', 'Mechanical Engineering') ON CONFLICT (id) DO NOTHING;
INSERT INTO branches (id, college_id, name) VALUES ('iit_delhi_cse', 'iit_delhi', 'Computer Science and Engineering') ON CONFLICT (id) DO NOTHING;
INSERT INTO branches (id, college_id, name) VALUES ('iit_delhi_ee', 'iit_delhi', 'Electrical Engineering') ON CONFLICT (id) DO NOTHING;
INSERT INTO branches (id, college_id, name) VALUES ('iit_delhi_me', 'iit_delhi', 'Mechanical Engineering') ON CONFLICT (id) DO NOTHING;
INSERT INTO branches (id, college_id, name) VALUES ('iit_madras_cse', 'iit_madras', 'Computer Science and Engineering') ON CONFLICT (id) DO NOTHING;
INSERT INTO branches (id, college_id, name) VALUES ('iit_madras_ee', 'iit_madras', 'Electrical Engineering') ON CONFLICT (id) DO NOTHING;
INSERT INTO branches (id, college_id, name) VALUES ('iit_madras_me', 'iit_madras', 'Mechanical Engineering') ON CONFLICT (id) DO NOTHING;
INSERT INTO branches (id, college_id, name) VALUES ('iit_kharagpur_cse', 'iit_kharagpur', 'Computer Science and Engineering') ON CONFLICT (id) DO NOTHING;
INSERT INTO branches (id, college_id, name) VALUES ('iit_kharagpur_ee', 'iit_kharagpur', 'Electrical Engineering') ON CONFLICT (id) DO NOTHING;
INSERT INTO branches (id, college_id, name) VALUES ('iit_kharagpur_me', 'iit_kharagpur', 'Mechanical Engineering') ON CONFLICT (id) DO NOTHING;
INSERT INTO branches (id, college_id, name) VALUES ('iit_kanpur_cse', 'iit_kanpur', 'Computer Science and Engineering') ON CONFLICT (id) DO NOTHING;
INSERT INTO branches (id, college_id, name) VALUES ('iit_kanpur_ee', 'iit_kanpur', 'Electrical Engineering') ON CONFLICT (id) DO NOTHING;
INSERT INTO branches (id, college_id, name) VALUES ('iit_kanpur_me', 'iit_kanpur', 'Mechanical Engineering') ON CONFLICT (id) DO NOTHING;
INSERT INTO branches (id, college_id, name) VALUES ('iit_roorkee_cse', 'iit_roorkee', 'Computer Science and Engineering') ON CONFLICT (id) DO NOTHING;
INSERT INTO branches (id, college_id, name) VALUES ('iit_roorkee_ee', 'iit_roorkee', 'Electrical Engineering') ON CONFLICT (id) DO NOTHING;
INSERT INTO branches (id, college_id, name) VALUES ('iit_roorkee_me', 'iit_roorkee', 'Mechanical Engineering') ON CONFLICT (id) DO NOTHING;
INSERT INTO branches (id, college_id, name) VALUES ('iit_guwahati_cse', 'iit_guwahati', 'Computer Science and Engineering') ON CONFLICT (id) DO NOTHING;
INSERT INTO branches (id, college_id, name) VALUES ('iit_guwahati_ee', 'iit_guwahati', 'Electrical Engineering') ON CONFLICT (id) DO NOTHING;
INSERT INTO branches (id, college_id, name) VALUES ('iit_guwahati_me', 'iit_guwahati', 'Mechanical Engineering') ON CONFLICT (id) DO NOTHING;
INSERT INTO branches (id, college_id, name) VALUES ('iit_hyderabad_cse', 'iit_hyderabad', 'Computer Science and Engineering') ON CONFLICT (id) DO NOTHING;
INSERT INTO branches (id, college_id, name) VALUES ('iit_hyderabad_ee', 'iit_hyderabad', 'Electrical Engineering') ON CONFLICT (id) DO NOTHING;
INSERT INTO branches (id, college_id, name) VALUES ('iit_hyderabad_me', 'iit_hyderabad', 'Mechanical Engineering') ON CONFLICT (id) DO NOTHING;
INSERT INTO branches (id, college_id, name) VALUES ('nit_trichy_cse', 'nit_trichy', 'Computer Science and Engineering') ON CONFLICT (id) DO NOTHING;
INSERT INTO branches (id, college_id, name) VALUES ('nit_trichy_ece', 'nit_trichy', 'Electronics and Communication Engineering') ON CONFLICT (id) DO NOTHING;
INSERT INTO branches (id, college_id, name) VALUES ('nit_trichy_me', 'nit_trichy', 'Mechanical Engineering') ON CONFLICT (id) DO NOTHING;
INSERT INTO branches (id, college_id, name) VALUES ('nit_warangal_cse', 'nit_warangal', 'Computer Science and Engineering') ON CONFLICT (id) DO NOTHING;
INSERT INTO branches (id, college_id, name) VALUES ('nit_warangal_ece', 'nit_warangal', 'Electronics and Communication Engineering') ON CONFLICT (id) DO NOTHING;
INSERT INTO branches (id, college_id, name) VALUES ('nit_warangal_me', 'nit_warangal', 'Mechanical Engineering') ON CONFLICT (id) DO NOTHING;
INSERT INTO branches (id, college_id, name) VALUES ('nit_calicut_cse', 'nit_calicut', 'Computer Science and Engineering') ON CONFLICT (id) DO NOTHING;
INSERT INTO branches (id, college_id, name) VALUES ('nit_calicut_ece', 'nit_calicut', 'Electronics and Communication Engineering') ON CONFLICT (id) DO NOTHING;
INSERT INTO branches (id, college_id, name) VALUES ('nit_calicut_me', 'nit_calicut', 'Mechanical Engineering') ON CONFLICT (id) DO NOTHING;
INSERT INTO branches (id, college_id, name) VALUES ('nit_surathkal_cse', 'nit_surathkal', 'Computer Science and Engineering') ON CONFLICT (id) DO NOTHING;
INSERT INTO branches (id, college_id, name) VALUES ('nit_surathkal_ece', 'nit_surathkal', 'Electronics and Communication Engineering') ON CONFLICT (id) DO NOTHING;
INSERT INTO branches (id, college_id, name) VALUES ('nit_surathkal_me', 'nit_surathkal', 'Mechanical Engineering') ON CONFLICT (id) DO NOTHING;
INSERT INTO branches (id, college_id, name) VALUES ('nit_rourkela_cse', 'nit_rourkela', 'Computer Science and Engineering') ON CONFLICT (id) DO NOTHING;
INSERT INTO branches (id, college_id, name) VALUES ('nit_rourkela_ece', 'nit_rourkela', 'Electronics and Communication Engineering') ON CONFLICT (id) DO NOTHING;
INSERT INTO branches (id, college_id, name) VALUES ('nit_rourkela_me', 'nit_rourkela', 'Mechanical Engineering') ON CONFLICT (id) DO NOTHING;
INSERT INTO branches (id, college_id, name) VALUES ('nit_durgapur_cse', 'nit_durgapur', 'Computer Science and Engineering') ON CONFLICT (id) DO NOTHING;
INSERT INTO branches (id, college_id, name) VALUES ('nit_durgapur_ece', 'nit_durgapur', 'Electronics and Communication Engineering') ON CONFLICT (id) DO NOTHING;
INSERT INTO branches (id, college_id, name) VALUES ('nit_durgapur_me', 'nit_durgapur', 'Mechanical Engineering') ON CONFLICT (id) DO NOTHING;
INSERT INTO branches (id, college_id, name) VALUES ('nit_jaipur_cse', 'nit_jaipur', 'Computer Science and Engineering') ON CONFLICT (id) DO NOTHING;
INSERT INTO branches (id, college_id, name) VALUES ('nit_jaipur_ece', 'nit_jaipur', 'Electronics and Communication Engineering') ON CONFLICT (id) DO NOTHING;
INSERT INTO branches (id, college_id, name) VALUES ('nit_jaipur_me', 'nit_jaipur', 'Mechanical Engineering') ON CONFLICT (id) DO NOTHING;
INSERT INTO branches (id, college_id, name) VALUES ('nit_allahabad_cse', 'nit_allahabad', 'Computer Science and Engineering') ON CONFLICT (id) DO NOTHING;
INSERT INTO branches (id, college_id, name) VALUES ('nit_allahabad_ece', 'nit_allahabad', 'Electronics and Communication Engineering') ON CONFLICT (id) DO NOTHING;
INSERT INTO branches (id, college_id, name) VALUES ('nit_allahabad_me', 'nit_allahabad', 'Mechanical Engineering') ON CONFLICT (id) DO NOTHING;
INSERT INTO branches (id, college_id, name) VALUES ('iiit_hyderabad_jee_cse', 'iiit_hyderabad_jee', 'Computer Science and Engineering') ON CONFLICT (id) DO NOTHING;
INSERT INTO branches (id, college_id, name) VALUES ('iiit_hyderabad_jee_ece', 'iiit_hyderabad_jee', 'Electronics and Communication Engineering') ON CONFLICT (id) DO NOTHING;
INSERT INTO branches (id, college_id, name) VALUES ('iiit_hyderabad_jee_it', 'iiit_hyderabad_jee', 'Information Technology') ON CONFLICT (id) DO NOTHING;
INSERT INTO branches (id, college_id, name) VALUES ('iiit_allahabad_cse', 'iiit_allahabad', 'Computer Science and Engineering') ON CONFLICT (id) DO NOTHING;
INSERT INTO branches (id, college_id, name) VALUES ('iiit_allahabad_ece', 'iiit_allahabad', 'Electronics and Communication Engineering') ON CONFLICT (id) DO NOTHING;
INSERT INTO branches (id, college_id, name) VALUES ('iiit_allahabad_it', 'iiit_allahabad', 'Information Technology') ON CONFLICT (id) DO NOTHING;
INSERT INTO branches (id, college_id, name) VALUES ('iiit_bangalore_cse', 'iiit_bangalore', 'Computer Science and Engineering') ON CONFLICT (id) DO NOTHING;
INSERT INTO branches (id, college_id, name) VALUES ('iiit_bangalore_ece', 'iiit_bangalore', 'Electronics and Communication Engineering') ON CONFLICT (id) DO NOTHING;
INSERT INTO branches (id, college_id, name) VALUES ('iiit_bangalore_it', 'iiit_bangalore', 'Information Technology') ON CONFLICT (id) DO NOTHING;
INSERT INTO branches (id, college_id, name) VALUES ('iiit_gwalior_cse', 'iiit_gwalior', 'Computer Science and Engineering') ON CONFLICT (id) DO NOTHING;
INSERT INTO branches (id, college_id, name) VALUES ('iiit_gwalior_ece', 'iiit_gwalior', 'Electronics and Communication Engineering') ON CONFLICT (id) DO NOTHING;
INSERT INTO branches (id, college_id, name) VALUES ('iiit_gwalior_it', 'iiit_gwalior', 'Information Technology') ON CONFLICT (id) DO NOTHING;
INSERT INTO branches (id, college_id, name) VALUES ('bits_pilani_cse', 'bits_pilani', 'Computer Science and Engineering') ON CONFLICT (id) DO NOTHING;
INSERT INTO branches (id, college_id, name) VALUES ('bits_pilani_ei', 'bits_pilani', 'Electronics and Instrumentation') ON CONFLICT (id) DO NOTHING;
INSERT INTO branches (id, college_id, name) VALUES ('bits_pilani_me', 'bits_pilani', 'Mechanical Engineering') ON CONFLICT (id) DO NOTHING;
INSERT INTO branches (id, college_id, name) VALUES ('bits_goa_cse', 'bits_goa', 'Computer Science and Engineering') ON CONFLICT (id) DO NOTHING;
INSERT INTO branches (id, college_id, name) VALUES ('bits_goa_ei', 'bits_goa', 'Electronics and Instrumentation') ON CONFLICT (id) DO NOTHING;
INSERT INTO branches (id, college_id, name) VALUES ('bits_goa_me', 'bits_goa', 'Mechanical Engineering') ON CONFLICT (id) DO NOTHING;
INSERT INTO branches (id, college_id, name) VALUES ('bits_hyderabad_cse', 'bits_hyderabad', 'Computer Science and Engineering') ON CONFLICT (id) DO NOTHING;
INSERT INTO branches (id, college_id, name) VALUES ('bits_hyderabad_ei', 'bits_hyderabad', 'Electronics and Instrumentation') ON CONFLICT (id) DO NOTHING;
INSERT INTO branches (id, college_id, name) VALUES ('bits_hyderabad_me', 'bits_hyderabad', 'Mechanical Engineering') ON CONFLICT (id) DO NOTHING;
INSERT INTO branches (id, college_id, name) VALUES ('coep_pune_cse', 'coep_pune', 'Computer Science and Engineering') ON CONFLICT (id) DO NOTHING;
INSERT INTO branches (id, college_id, name) VALUES ('coep_pune_et', 'coep_pune', 'Electronics and Telecommunication') ON CONFLICT (id) DO NOTHING;
INSERT INTO branches (id, college_id, name) VALUES ('coep_pune_me', 'coep_pune', 'Mechanical Engineering') ON CONFLICT (id) DO NOTHING;
INSERT INTO branches (id, college_id, name) VALUES ('vjti_mumbai_cse', 'vjti_mumbai', 'Computer Science and Engineering') ON CONFLICT (id) DO NOTHING;
INSERT INTO branches (id, college_id, name) VALUES ('vjti_mumbai_et', 'vjti_mumbai', 'Electronics and Telecommunication') ON CONFLICT (id) DO NOTHING;
INSERT INTO branches (id, college_id, name) VALUES ('vjti_mumbai_me', 'vjti_mumbai', 'Mechanical Engineering') ON CONFLICT (id) DO NOTHING;
INSERT INTO branches (id, college_id, name) VALUES ('pict_pune_cse', 'pict_pune', 'Computer Science and Engineering') ON CONFLICT (id) DO NOTHING;
INSERT INTO branches (id, college_id, name) VALUES ('pict_pune_et', 'pict_pune', 'Electronics and Telecommunication') ON CONFLICT (id) DO NOTHING;
INSERT INTO branches (id, college_id, name) VALUES ('pict_pune_me', 'pict_pune', 'Mechanical Engineering') ON CONFLICT (id) DO NOTHING;
INSERT INTO branches (id, college_id, name) VALUES ('vit_vellore_cse', 'vit_vellore', 'Computer Science and Engineering') ON CONFLICT (id) DO NOTHING;
INSERT INTO branches (id, college_id, name) VALUES ('vit_vellore_ece', 'vit_vellore', 'Electronics and Communication Engineering') ON CONFLICT (id) DO NOTHING;
INSERT INTO branches (id, college_id, name) VALUES ('vit_vellore_me', 'vit_vellore', 'Mechanical Engineering') ON CONFLICT (id) DO NOTHING;
INSERT INTO branches (id, college_id, name) VALUES ('vit_chennai_cse', 'vit_chennai', 'Computer Science and Engineering') ON CONFLICT (id) DO NOTHING;
INSERT INTO branches (id, college_id, name) VALUES ('vit_chennai_ece', 'vit_chennai', 'Electronics and Communication Engineering') ON CONFLICT (id) DO NOTHING;
INSERT INTO branches (id, college_id, name) VALUES ('vit_chennai_me', 'vit_chennai', 'Mechanical Engineering') ON CONFLICT (id) DO NOTHING;
INSERT INTO branches (id, college_id, name) VALUES ('rvce_bangalore_cse', 'rvce_bangalore', 'Computer Science and Engineering') ON CONFLICT (id) DO NOTHING;
INSERT INTO branches (id, college_id, name) VALUES ('rvce_bangalore_ece', 'rvce_bangalore', 'Electronics and Communication Engineering') ON CONFLICT (id) DO NOTHING;
INSERT INTO branches (id, college_id, name) VALUES ('rvce_bangalore_me', 'rvce_bangalore', 'Mechanical Engineering') ON CONFLICT (id) DO NOTHING;
INSERT INTO branches (id, college_id, name) VALUES ('bmsce_bangalore_cse', 'bmsce_bangalore', 'Computer Science and Engineering') ON CONFLICT (id) DO NOTHING;
INSERT INTO branches (id, college_id, name) VALUES ('bmsce_bangalore_ece', 'bmsce_bangalore', 'Electronics and Communication Engineering') ON CONFLICT (id) DO NOTHING;
INSERT INTO branches (id, college_id, name) VALUES ('bmsce_bangalore_me', 'bmsce_bangalore', 'Mechanical Engineering') ON CONFLICT (id) DO NOTHING;
INSERT INTO branches (id, college_id, name) VALUES ('pes_bangalore_cse', 'pes_bangalore', 'Computer Science and Engineering') ON CONFLICT (id) DO NOTHING;
INSERT INTO branches (id, college_id, name) VALUES ('pes_bangalore_ece', 'pes_bangalore', 'Electronics and Communication Engineering') ON CONFLICT (id) DO NOTHING;
INSERT INTO branches (id, college_id, name) VALUES ('pes_bangalore_me', 'pes_bangalore', 'Mechanical Engineering') ON CONFLICT (id) DO NOTHING;
INSERT INTO branches (id, college_id, name) VALUES ('iiit_hyd_ap_cse', 'iiit_hyd_ap', 'Computer Science and Engineering') ON CONFLICT (id) DO NOTHING;
INSERT INTO branches (id, college_id, name) VALUES ('iiit_hyd_ap_ece', 'iiit_hyd_ap', 'Electronics and Communication Engineering') ON CONFLICT (id) DO NOTHING;
INSERT INTO branches (id, college_id, name) VALUES ('jntu_hyderabad_cse', 'jntu_hyderabad', 'Computer Science and Engineering') ON CONFLICT (id) DO NOTHING;
INSERT INTO branches (id, college_id, name) VALUES ('jntu_hyderabad_ece', 'jntu_hyderabad', 'Electronics and Communication Engineering') ON CONFLICT (id) DO NOTHING;
INSERT INTO branches (id, college_id, name) VALUES ('jntu_hyderabad_me', 'jntu_hyderabad', 'Mechanical Engineering') ON CONFLICT (id) DO NOTHING;
INSERT INTO branches (id, college_id, name) VALUES ('au_visakhapatnam_cse', 'au_visakhapatnam', 'Computer Science and Engineering') ON CONFLICT (id) DO NOTHING;
INSERT INTO branches (id, college_id, name) VALUES ('au_visakhapatnam_ece', 'au_visakhapatnam', 'Electronics and Communication Engineering') ON CONFLICT (id) DO NOTHING;
INSERT INTO branches (id, college_id, name) VALUES ('au_visakhapatnam_me', 'au_visakhapatnam', 'Mechanical Engineering') ON CONFLICT (id) DO NOTHING;
INSERT INTO branches (id, college_id, name) VALUES ('jadavpur_univ_cse', 'jadavpur_univ', 'Computer Science and Engineering') ON CONFLICT (id) DO NOTHING;
INSERT INTO branches (id, college_id, name) VALUES ('jadavpur_univ_ece', 'jadavpur_univ', 'Electronics and Communication Engineering') ON CONFLICT (id) DO NOTHING;
INSERT INTO branches (id, college_id, name) VALUES ('jadavpur_univ_me', 'jadavpur_univ', 'Mechanical Engineering') ON CONFLICT (id) DO NOTHING;
INSERT INTO branches (id, college_id, name) VALUES ('iiest_shibpur_cse', 'iiest_shibpur', 'Computer Science and Engineering') ON CONFLICT (id) DO NOTHING;
INSERT INTO branches (id, college_id, name) VALUES ('iiest_shibpur_ece', 'iiest_shibpur', 'Electronics and Communication Engineering') ON CONFLICT (id) DO NOTHING;
INSERT INTO branches (id, college_id, name) VALUES ('iiest_shibpur_me', 'iiest_shibpur', 'Mechanical Engineering') ON CONFLICT (id) DO NOTHING;

-- ---------------------------------------------------------------------------
-- CUTOFFS
-- ---------------------------------------------------------------------------

INSERT INTO cutoffs (id, branch_id, exam_name, category, year, cutoff_marks, cutoff_rank, cutoff_percentile, home_state_advantage) VALUES ('iit_bombay_cse_jadv_gen_2024', 'iit_bombay_cse', 'JEE_ADVANCED', 'GEN', 2024, NULL, 67, NULL, false) ON CONFLICT (id) DO NOTHING;
INSERT INTO cutoffs (id, branch_id, exam_name, category, year, cutoff_marks, cutoff_rank, cutoff_percentile, home_state_advantage) VALUES ('iit_bombay_cse_jadv_gen_2023', 'iit_bombay_cse', 'JEE_ADVANCED', 'GEN', 2023, NULL, 70, NULL, false) ON CONFLICT (id) DO NOTHING;
INSERT INTO cutoffs (id, branch_id, exam_name, category, year, cutoff_marks, cutoff_rank, cutoff_percentile, home_state_advantage) VALUES ('iit_bombay_cse_jadv_obc_2024', 'iit_bombay_cse', 'JEE_ADVANCED', 'OBC', 2024, NULL, 107, NULL, false) ON CONFLICT (id) DO NOTHING;
INSERT INTO cutoffs (id, branch_id, exam_name, category, year, cutoff_marks, cutoff_rank, cutoff_percentile, home_state_advantage) VALUES ('iit_bombay_cse_jadv_obc_2023', 'iit_bombay_cse', 'JEE_ADVANCED', 'OBC', 2023, NULL, 112, NULL, false) ON CONFLICT (id) DO NOTHING;
INSERT INTO cutoffs (id, branch_id, exam_name, category, year, cutoff_marks, cutoff_rank, cutoff_percentile, home_state_advantage) VALUES ('iit_bombay_ee_jadv_gen_2024', 'iit_bombay_ee', 'JEE_ADVANCED', 'GEN', 2024, NULL, 270, NULL, false) ON CONFLICT (id) DO NOTHING;
INSERT INTO cutoffs (id, branch_id, exam_name, category, year, cutoff_marks, cutoff_rank, cutoff_percentile, home_state_advantage) VALUES ('iit_bombay_ee_jadv_gen_2023', 'iit_bombay_ee', 'JEE_ADVANCED', 'GEN', 2023, NULL, 284, NULL, false) ON CONFLICT (id) DO NOTHING;
INSERT INTO cutoffs (id, branch_id, exam_name, category, year, cutoff_marks, cutoff_rank, cutoff_percentile, home_state_advantage) VALUES ('iit_bombay_ee_jadv_obc_2024', 'iit_bombay_ee', 'JEE_ADVANCED', 'OBC', 2024, NULL, 432, NULL, false) ON CONFLICT (id) DO NOTHING;
INSERT INTO cutoffs (id, branch_id, exam_name, category, year, cutoff_marks, cutoff_rank, cutoff_percentile, home_state_advantage) VALUES ('iit_bombay_ee_jadv_obc_2023', 'iit_bombay_ee', 'JEE_ADVANCED', 'OBC', 2023, NULL, 454, NULL, false) ON CONFLICT (id) DO NOTHING;
INSERT INTO cutoffs (id, branch_id, exam_name, category, year, cutoff_marks, cutoff_rank, cutoff_percentile, home_state_advantage) VALUES ('iit_bombay_me_jadv_gen_2024', 'iit_bombay_me', 'JEE_ADVANCED', 'GEN', 2024, NULL, 880, NULL, false) ON CONFLICT (id) DO NOTHING;
INSERT INTO cutoffs (id, branch_id, exam_name, category, year, cutoff_marks, cutoff_rank, cutoff_percentile, home_state_advantage) VALUES ('iit_bombay_me_jadv_gen_2023', 'iit_bombay_me', 'JEE_ADVANCED', 'GEN', 2023, NULL, 924, NULL, false) ON CONFLICT (id) DO NOTHING;
INSERT INTO cutoffs (id, branch_id, exam_name, category, year, cutoff_marks, cutoff_rank, cutoff_percentile, home_state_advantage) VALUES ('iit_bombay_me_jadv_obc_2024', 'iit_bombay_me', 'JEE_ADVANCED', 'OBC', 2024, NULL, 1408, NULL, false) ON CONFLICT (id) DO NOTHING;
INSERT INTO cutoffs (id, branch_id, exam_name, category, year, cutoff_marks, cutoff_rank, cutoff_percentile, home_state_advantage) VALUES ('iit_bombay_me_jadv_obc_2023', 'iit_bombay_me', 'JEE_ADVANCED', 'OBC', 2023, NULL, 1478, NULL, false) ON CONFLICT (id) DO NOTHING;
INSERT INTO cutoffs (id, branch_id, exam_name, category, year, cutoff_marks, cutoff_rank, cutoff_percentile, home_state_advantage) VALUES ('iit_delhi_cse_jadv_gen_2024', 'iit_delhi_cse', 'JEE_ADVANCED', 'GEN', 2024, NULL, 54, NULL, false) ON CONFLICT (id) DO NOTHING;
INSERT INTO cutoffs (id, branch_id, exam_name, category, year, cutoff_marks, cutoff_rank, cutoff_percentile, home_state_advantage) VALUES ('iit_delhi_cse_jadv_gen_2023', 'iit_delhi_cse', 'JEE_ADVANCED', 'GEN', 2023, NULL, 57, NULL, false) ON CONFLICT (id) DO NOTHING;
INSERT INTO cutoffs (id, branch_id, exam_name, category, year, cutoff_marks, cutoff_rank, cutoff_percentile, home_state_advantage) VALUES ('iit_delhi_cse_jadv_obc_2024', 'iit_delhi_cse', 'JEE_ADVANCED', 'OBC', 2024, NULL, 86, NULL, false) ON CONFLICT (id) DO NOTHING;
INSERT INTO cutoffs (id, branch_id, exam_name, category, year, cutoff_marks, cutoff_rank, cutoff_percentile, home_state_advantage) VALUES ('iit_delhi_cse_jadv_obc_2023', 'iit_delhi_cse', 'JEE_ADVANCED', 'OBC', 2023, NULL, 90, NULL, false) ON CONFLICT (id) DO NOTHING;
INSERT INTO cutoffs (id, branch_id, exam_name, category, year, cutoff_marks, cutoff_rank, cutoff_percentile, home_state_advantage) VALUES ('iit_delhi_ee_jadv_gen_2024', 'iit_delhi_ee', 'JEE_ADVANCED', 'GEN', 2024, NULL, 240, NULL, false) ON CONFLICT (id) DO NOTHING;
INSERT INTO cutoffs (id, branch_id, exam_name, category, year, cutoff_marks, cutoff_rank, cutoff_percentile, home_state_advantage) VALUES ('iit_delhi_ee_jadv_gen_2023', 'iit_delhi_ee', 'JEE_ADVANCED', 'GEN', 2023, NULL, 252, NULL, false) ON CONFLICT (id) DO NOTHING;
INSERT INTO cutoffs (id, branch_id, exam_name, category, year, cutoff_marks, cutoff_rank, cutoff_percentile, home_state_advantage) VALUES ('iit_delhi_ee_jadv_obc_2024', 'iit_delhi_ee', 'JEE_ADVANCED', 'OBC', 2024, NULL, 384, NULL, false) ON CONFLICT (id) DO NOTHING;
INSERT INTO cutoffs (id, branch_id, exam_name, category, year, cutoff_marks, cutoff_rank, cutoff_percentile, home_state_advantage) VALUES ('iit_delhi_ee_jadv_obc_2023', 'iit_delhi_ee', 'JEE_ADVANCED', 'OBC', 2023, NULL, 403, NULL, false) ON CONFLICT (id) DO NOTHING;
INSERT INTO cutoffs (id, branch_id, exam_name, category, year, cutoff_marks, cutoff_rank, cutoff_percentile, home_state_advantage) VALUES ('iit_delhi_me_jadv_gen_2024', 'iit_delhi_me', 'JEE_ADVANCED', 'GEN', 2024, NULL, 820, NULL, false) ON CONFLICT (id) DO NOTHING;
INSERT INTO cutoffs (id, branch_id, exam_name, category, year, cutoff_marks, cutoff_rank, cutoff_percentile, home_state_advantage) VALUES ('iit_delhi_me_jadv_gen_2023', 'iit_delhi_me', 'JEE_ADVANCED', 'GEN', 2023, NULL, 861, NULL, false) ON CONFLICT (id) DO NOTHING;
INSERT INTO cutoffs (id, branch_id, exam_name, category, year, cutoff_marks, cutoff_rank, cutoff_percentile, home_state_advantage) VALUES ('iit_delhi_me_jadv_obc_2024', 'iit_delhi_me', 'JEE_ADVANCED', 'OBC', 2024, NULL, 1312, NULL, false) ON CONFLICT (id) DO NOTHING;
INSERT INTO cutoffs (id, branch_id, exam_name, category, year, cutoff_marks, cutoff_rank, cutoff_percentile, home_state_advantage) VALUES ('iit_delhi_me_jadv_obc_2023', 'iit_delhi_me', 'JEE_ADVANCED', 'OBC', 2023, NULL, 1378, NULL, false) ON CONFLICT (id) DO NOTHING;
INSERT INTO cutoffs (id, branch_id, exam_name, category, year, cutoff_marks, cutoff_rank, cutoff_percentile, home_state_advantage) VALUES ('iit_madras_cse_jadv_gen_2024', 'iit_madras_cse', 'JEE_ADVANCED', 'GEN', 2024, NULL, 130, NULL, false) ON CONFLICT (id) DO NOTHING;
INSERT INTO cutoffs (id, branch_id, exam_name, category, year, cutoff_marks, cutoff_rank, cutoff_percentile, home_state_advantage) VALUES ('iit_madras_cse_jadv_gen_2023', 'iit_madras_cse', 'JEE_ADVANCED', 'GEN', 2023, NULL, 137, NULL, false) ON CONFLICT (id) DO NOTHING;
INSERT INTO cutoffs (id, branch_id, exam_name, category, year, cutoff_marks, cutoff_rank, cutoff_percentile, home_state_advantage) VALUES ('iit_madras_cse_jadv_obc_2024', 'iit_madras_cse', 'JEE_ADVANCED', 'OBC', 2024, NULL, 208, NULL, false) ON CONFLICT (id) DO NOTHING;
INSERT INTO cutoffs (id, branch_id, exam_name, category, year, cutoff_marks, cutoff_rank, cutoff_percentile, home_state_advantage) VALUES ('iit_madras_cse_jadv_obc_2023', 'iit_madras_cse', 'JEE_ADVANCED', 'OBC', 2023, NULL, 218, NULL, false) ON CONFLICT (id) DO NOTHING;
INSERT INTO cutoffs (id, branch_id, exam_name, category, year, cutoff_marks, cutoff_rank, cutoff_percentile, home_state_advantage) VALUES ('iit_madras_ee_jadv_gen_2024', 'iit_madras_ee', 'JEE_ADVANCED', 'GEN', 2024, NULL, 520, NULL, false) ON CONFLICT (id) DO NOTHING;
INSERT INTO cutoffs (id, branch_id, exam_name, category, year, cutoff_marks, cutoff_rank, cutoff_percentile, home_state_advantage) VALUES ('iit_madras_ee_jadv_gen_2023', 'iit_madras_ee', 'JEE_ADVANCED', 'GEN', 2023, NULL, 546, NULL, false) ON CONFLICT (id) DO NOTHING;
INSERT INTO cutoffs (id, branch_id, exam_name, category, year, cutoff_marks, cutoff_rank, cutoff_percentile, home_state_advantage) VALUES ('iit_madras_ee_jadv_obc_2024', 'iit_madras_ee', 'JEE_ADVANCED', 'OBC', 2024, NULL, 832, NULL, false) ON CONFLICT (id) DO NOTHING;
INSERT INTO cutoffs (id, branch_id, exam_name, category, year, cutoff_marks, cutoff_rank, cutoff_percentile, home_state_advantage) VALUES ('iit_madras_ee_jadv_obc_2023', 'iit_madras_ee', 'JEE_ADVANCED', 'OBC', 2023, NULL, 874, NULL, false) ON CONFLICT (id) DO NOTHING;
INSERT INTO cutoffs (id, branch_id, exam_name, category, year, cutoff_marks, cutoff_rank, cutoff_percentile, home_state_advantage) VALUES ('iit_madras_me_jadv_gen_2024', 'iit_madras_me', 'JEE_ADVANCED', 'GEN', 2024, NULL, 1200, NULL, false) ON CONFLICT (id) DO NOTHING;
INSERT INTO cutoffs (id, branch_id, exam_name, category, year, cutoff_marks, cutoff_rank, cutoff_percentile, home_state_advantage) VALUES ('iit_madras_me_jadv_gen_2023', 'iit_madras_me', 'JEE_ADVANCED', 'GEN', 2023, NULL, 1260, NULL, false) ON CONFLICT (id) DO NOTHING;
INSERT INTO cutoffs (id, branch_id, exam_name, category, year, cutoff_marks, cutoff_rank, cutoff_percentile, home_state_advantage) VALUES ('iit_madras_me_jadv_obc_2024', 'iit_madras_me', 'JEE_ADVANCED', 'OBC', 2024, NULL, 1920, NULL, false) ON CONFLICT (id) DO NOTHING;
INSERT INTO cutoffs (id, branch_id, exam_name, category, year, cutoff_marks, cutoff_rank, cutoff_percentile, home_state_advantage) VALUES ('iit_madras_me_jadv_obc_2023', 'iit_madras_me', 'JEE_ADVANCED', 'OBC', 2023, NULL, 2016, NULL, false) ON CONFLICT (id) DO NOTHING;
INSERT INTO cutoffs (id, branch_id, exam_name, category, year, cutoff_marks, cutoff_rank, cutoff_percentile, home_state_advantage) VALUES ('iit_kharagpur_cse_jadv_gen_2024', 'iit_kharagpur_cse', 'JEE_ADVANCED', 'GEN', 2024, NULL, 230, NULL, false) ON CONFLICT (id) DO NOTHING;
INSERT INTO cutoffs (id, branch_id, exam_name, category, year, cutoff_marks, cutoff_rank, cutoff_percentile, home_state_advantage) VALUES ('iit_kharagpur_cse_jadv_gen_2023', 'iit_kharagpur_cse', 'JEE_ADVANCED', 'GEN', 2023, NULL, 242, NULL, false) ON CONFLICT (id) DO NOTHING;
INSERT INTO cutoffs (id, branch_id, exam_name, category, year, cutoff_marks, cutoff_rank, cutoff_percentile, home_state_advantage) VALUES ('iit_kharagpur_cse_jadv_obc_2024', 'iit_kharagpur_cse', 'JEE_ADVANCED', 'OBC', 2024, NULL, 368, NULL, false) ON CONFLICT (id) DO NOTHING;
INSERT INTO cutoffs (id, branch_id, exam_name, category, year, cutoff_marks, cutoff_rank, cutoff_percentile, home_state_advantage) VALUES ('iit_kharagpur_cse_jadv_obc_2023', 'iit_kharagpur_cse', 'JEE_ADVANCED', 'OBC', 2023, NULL, 386, NULL, false) ON CONFLICT (id) DO NOTHING;
INSERT INTO cutoffs (id, branch_id, exam_name, category, year, cutoff_marks, cutoff_rank, cutoff_percentile, home_state_advantage) VALUES ('iit_kharagpur_ee_jadv_gen_2024', 'iit_kharagpur_ee', 'JEE_ADVANCED', 'GEN', 2024, NULL, 680, NULL, false) ON CONFLICT (id) DO NOTHING;
INSERT INTO cutoffs (id, branch_id, exam_name, category, year, cutoff_marks, cutoff_rank, cutoff_percentile, home_state_advantage) VALUES ('iit_kharagpur_ee_jadv_gen_2023', 'iit_kharagpur_ee', 'JEE_ADVANCED', 'GEN', 2023, NULL, 714, NULL, false) ON CONFLICT (id) DO NOTHING;
INSERT INTO cutoffs (id, branch_id, exam_name, category, year, cutoff_marks, cutoff_rank, cutoff_percentile, home_state_advantage) VALUES ('iit_kharagpur_ee_jadv_obc_2024', 'iit_kharagpur_ee', 'JEE_ADVANCED', 'OBC', 2024, NULL, 1088, NULL, false) ON CONFLICT (id) DO NOTHING;
INSERT INTO cutoffs (id, branch_id, exam_name, category, year, cutoff_marks, cutoff_rank, cutoff_percentile, home_state_advantage) VALUES ('iit_kharagpur_ee_jadv_obc_2023', 'iit_kharagpur_ee', 'JEE_ADVANCED', 'OBC', 2023, NULL, 1142, NULL, false) ON CONFLICT (id) DO NOTHING;
INSERT INTO cutoffs (id, branch_id, exam_name, category, year, cutoff_marks, cutoff_rank, cutoff_percentile, home_state_advantage) VALUES ('iit_kharagpur_me_jadv_gen_2024', 'iit_kharagpur_me', 'JEE_ADVANCED', 'GEN', 2024, NULL, 1800, NULL, false) ON CONFLICT (id) DO NOTHING;
INSERT INTO cutoffs (id, branch_id, exam_name, category, year, cutoff_marks, cutoff_rank, cutoff_percentile, home_state_advantage) VALUES ('iit_kharagpur_me_jadv_gen_2023', 'iit_kharagpur_me', 'JEE_ADVANCED', 'GEN', 2023, NULL, 1890, NULL, false) ON CONFLICT (id) DO NOTHING;
INSERT INTO cutoffs (id, branch_id, exam_name, category, year, cutoff_marks, cutoff_rank, cutoff_percentile, home_state_advantage) VALUES ('iit_kharagpur_me_jadv_obc_2024', 'iit_kharagpur_me', 'JEE_ADVANCED', 'OBC', 2024, NULL, 2880, NULL, false) ON CONFLICT (id) DO NOTHING;
INSERT INTO cutoffs (id, branch_id, exam_name, category, year, cutoff_marks, cutoff_rank, cutoff_percentile, home_state_advantage) VALUES ('iit_kharagpur_me_jadv_obc_2023', 'iit_kharagpur_me', 'JEE_ADVANCED', 'OBC', 2023, NULL, 3024, NULL, false) ON CONFLICT (id) DO NOTHING;
INSERT INTO cutoffs (id, branch_id, exam_name, category, year, cutoff_marks, cutoff_rank, cutoff_percentile, home_state_advantage) VALUES ('iit_kanpur_cse_jadv_gen_2024', 'iit_kanpur_cse', 'JEE_ADVANCED', 'GEN', 2024, NULL, 150, NULL, false) ON CONFLICT (id) DO NOTHING;
INSERT INTO cutoffs (id, branch_id, exam_name, category, year, cutoff_marks, cutoff_rank, cutoff_percentile, home_state_advantage) VALUES ('iit_kanpur_cse_jadv_gen_2023', 'iit_kanpur_cse', 'JEE_ADVANCED', 'GEN', 2023, NULL, 158, NULL, false) ON CONFLICT (id) DO NOTHING;
INSERT INTO cutoffs (id, branch_id, exam_name, category, year, cutoff_marks, cutoff_rank, cutoff_percentile, home_state_advantage) VALUES ('iit_kanpur_cse_jadv_obc_2024', 'iit_kanpur_cse', 'JEE_ADVANCED', 'OBC', 2024, NULL, 240, NULL, false) ON CONFLICT (id) DO NOTHING;
INSERT INTO cutoffs (id, branch_id, exam_name, category, year, cutoff_marks, cutoff_rank, cutoff_percentile, home_state_advantage) VALUES ('iit_kanpur_cse_jadv_obc_2023', 'iit_kanpur_cse', 'JEE_ADVANCED', 'OBC', 2023, NULL, 252, NULL, false) ON CONFLICT (id) DO NOTHING;
INSERT INTO cutoffs (id, branch_id, exam_name, category, year, cutoff_marks, cutoff_rank, cutoff_percentile, home_state_advantage) VALUES ('iit_kanpur_ee_jadv_gen_2024', 'iit_kanpur_ee', 'JEE_ADVANCED', 'GEN', 2024, NULL, 590, NULL, false) ON CONFLICT (id) DO NOTHING;
INSERT INTO cutoffs (id, branch_id, exam_name, category, year, cutoff_marks, cutoff_rank, cutoff_percentile, home_state_advantage) VALUES ('iit_kanpur_ee_jadv_gen_2023', 'iit_kanpur_ee', 'JEE_ADVANCED', 'GEN', 2023, NULL, 620, NULL, false) ON CONFLICT (id) DO NOTHING;
INSERT INTO cutoffs (id, branch_id, exam_name, category, year, cutoff_marks, cutoff_rank, cutoff_percentile, home_state_advantage) VALUES ('iit_kanpur_ee_jadv_obc_2024', 'iit_kanpur_ee', 'JEE_ADVANCED', 'OBC', 2024, NULL, 944, NULL, false) ON CONFLICT (id) DO NOTHING;
INSERT INTO cutoffs (id, branch_id, exam_name, category, year, cutoff_marks, cutoff_rank, cutoff_percentile, home_state_advantage) VALUES ('iit_kanpur_ee_jadv_obc_2023', 'iit_kanpur_ee', 'JEE_ADVANCED', 'OBC', 2023, NULL, 991, NULL, false) ON CONFLICT (id) DO NOTHING;
INSERT INTO cutoffs (id, branch_id, exam_name, category, year, cutoff_marks, cutoff_rank, cutoff_percentile, home_state_advantage) VALUES ('iit_kanpur_me_jadv_gen_2024', 'iit_kanpur_me', 'JEE_ADVANCED', 'GEN', 2024, NULL, 1600, NULL, false) ON CONFLICT (id) DO NOTHING;
INSERT INTO cutoffs (id, branch_id, exam_name, category, year, cutoff_marks, cutoff_rank, cutoff_percentile, home_state_advantage) VALUES ('iit_kanpur_me_jadv_gen_2023', 'iit_kanpur_me', 'JEE_ADVANCED', 'GEN', 2023, NULL, 1680, NULL, false) ON CONFLICT (id) DO NOTHING;
INSERT INTO cutoffs (id, branch_id, exam_name, category, year, cutoff_marks, cutoff_rank, cutoff_percentile, home_state_advantage) VALUES ('iit_kanpur_me_jadv_obc_2024', 'iit_kanpur_me', 'JEE_ADVANCED', 'OBC', 2024, NULL, 2560, NULL, false) ON CONFLICT (id) DO NOTHING;
INSERT INTO cutoffs (id, branch_id, exam_name, category, year, cutoff_marks, cutoff_rank, cutoff_percentile, home_state_advantage) VALUES ('iit_kanpur_me_jadv_obc_2023', 'iit_kanpur_me', 'JEE_ADVANCED', 'OBC', 2023, NULL, 2688, NULL, false) ON CONFLICT (id) DO NOTHING;
INSERT INTO cutoffs (id, branch_id, exam_name, category, year, cutoff_marks, cutoff_rank, cutoff_percentile, home_state_advantage) VALUES ('iit_roorkee_cse_jadv_gen_2024', 'iit_roorkee_cse', 'JEE_ADVANCED', 'GEN', 2024, NULL, 350, NULL, false) ON CONFLICT (id) DO NOTHING;
INSERT INTO cutoffs (id, branch_id, exam_name, category, year, cutoff_marks, cutoff_rank, cutoff_percentile, home_state_advantage) VALUES ('iit_roorkee_cse_jadv_gen_2023', 'iit_roorkee_cse', 'JEE_ADVANCED', 'GEN', 2023, NULL, 368, NULL, false) ON CONFLICT (id) DO NOTHING;
INSERT INTO cutoffs (id, branch_id, exam_name, category, year, cutoff_marks, cutoff_rank, cutoff_percentile, home_state_advantage) VALUES ('iit_roorkee_cse_jadv_obc_2024', 'iit_roorkee_cse', 'JEE_ADVANCED', 'OBC', 2024, NULL, 560, NULL, false) ON CONFLICT (id) DO NOTHING;
INSERT INTO cutoffs (id, branch_id, exam_name, category, year, cutoff_marks, cutoff_rank, cutoff_percentile, home_state_advantage) VALUES ('iit_roorkee_cse_jadv_obc_2023', 'iit_roorkee_cse', 'JEE_ADVANCED', 'OBC', 2023, NULL, 588, NULL, false) ON CONFLICT (id) DO NOTHING;
INSERT INTO cutoffs (id, branch_id, exam_name, category, year, cutoff_marks, cutoff_rank, cutoff_percentile, home_state_advantage) VALUES ('iit_roorkee_ee_jadv_gen_2024', 'iit_roorkee_ee', 'JEE_ADVANCED', 'GEN', 2024, NULL, 900, NULL, false) ON CONFLICT (id) DO NOTHING;
INSERT INTO cutoffs (id, branch_id, exam_name, category, year, cutoff_marks, cutoff_rank, cutoff_percentile, home_state_advantage) VALUES ('iit_roorkee_ee_jadv_gen_2023', 'iit_roorkee_ee', 'JEE_ADVANCED', 'GEN', 2023, NULL, 945, NULL, false) ON CONFLICT (id) DO NOTHING;
INSERT INTO cutoffs (id, branch_id, exam_name, category, year, cutoff_marks, cutoff_rank, cutoff_percentile, home_state_advantage) VALUES ('iit_roorkee_ee_jadv_obc_2024', 'iit_roorkee_ee', 'JEE_ADVANCED', 'OBC', 2024, NULL, 1440, NULL, false) ON CONFLICT (id) DO NOTHING;
INSERT INTO cutoffs (id, branch_id, exam_name, category, year, cutoff_marks, cutoff_rank, cutoff_percentile, home_state_advantage) VALUES ('iit_roorkee_ee_jadv_obc_2023', 'iit_roorkee_ee', 'JEE_ADVANCED', 'OBC', 2023, NULL, 1512, NULL, false) ON CONFLICT (id) DO NOTHING;
INSERT INTO cutoffs (id, branch_id, exam_name, category, year, cutoff_marks, cutoff_rank, cutoff_percentile, home_state_advantage) VALUES ('iit_roorkee_me_jadv_gen_2024', 'iit_roorkee_me', 'JEE_ADVANCED', 'GEN', 2024, NULL, 2200, NULL, false) ON CONFLICT (id) DO NOTHING;
INSERT INTO cutoffs (id, branch_id, exam_name, category, year, cutoff_marks, cutoff_rank, cutoff_percentile, home_state_advantage) VALUES ('iit_roorkee_me_jadv_gen_2023', 'iit_roorkee_me', 'JEE_ADVANCED', 'GEN', 2023, NULL, 2310, NULL, false) ON CONFLICT (id) DO NOTHING;
INSERT INTO cutoffs (id, branch_id, exam_name, category, year, cutoff_marks, cutoff_rank, cutoff_percentile, home_state_advantage) VALUES ('iit_roorkee_me_jadv_obc_2024', 'iit_roorkee_me', 'JEE_ADVANCED', 'OBC', 2024, NULL, 3520, NULL, false) ON CONFLICT (id) DO NOTHING;
INSERT INTO cutoffs (id, branch_id, exam_name, category, year, cutoff_marks, cutoff_rank, cutoff_percentile, home_state_advantage) VALUES ('iit_roorkee_me_jadv_obc_2023', 'iit_roorkee_me', 'JEE_ADVANCED', 'OBC', 2023, NULL, 3696, NULL, false) ON CONFLICT (id) DO NOTHING;
INSERT INTO cutoffs (id, branch_id, exam_name, category, year, cutoff_marks, cutoff_rank, cutoff_percentile, home_state_advantage) VALUES ('iit_guwahati_cse_jadv_gen_2024', 'iit_guwahati_cse', 'JEE_ADVANCED', 'GEN', 2024, NULL, 1200, NULL, false) ON CONFLICT (id) DO NOTHING;
INSERT INTO cutoffs (id, branch_id, exam_name, category, year, cutoff_marks, cutoff_rank, cutoff_percentile, home_state_advantage) VALUES ('iit_guwahati_cse_jadv_gen_2023', 'iit_guwahati_cse', 'JEE_ADVANCED', 'GEN', 2023, NULL, 1260, NULL, false) ON CONFLICT (id) DO NOTHING;
INSERT INTO cutoffs (id, branch_id, exam_name, category, year, cutoff_marks, cutoff_rank, cutoff_percentile, home_state_advantage) VALUES ('iit_guwahati_cse_jadv_obc_2024', 'iit_guwahati_cse', 'JEE_ADVANCED', 'OBC', 2024, NULL, 1920, NULL, false) ON CONFLICT (id) DO NOTHING;
INSERT INTO cutoffs (id, branch_id, exam_name, category, year, cutoff_marks, cutoff_rank, cutoff_percentile, home_state_advantage) VALUES ('iit_guwahati_cse_jadv_obc_2023', 'iit_guwahati_cse', 'JEE_ADVANCED', 'OBC', 2023, NULL, 2016, NULL, false) ON CONFLICT (id) DO NOTHING;
INSERT INTO cutoffs (id, branch_id, exam_name, category, year, cutoff_marks, cutoff_rank, cutoff_percentile, home_state_advantage) VALUES ('iit_guwahati_ee_jadv_gen_2024', 'iit_guwahati_ee', 'JEE_ADVANCED', 'GEN', 2024, NULL, 2600, NULL, false) ON CONFLICT (id) DO NOTHING;
INSERT INTO cutoffs (id, branch_id, exam_name, category, year, cutoff_marks, cutoff_rank, cutoff_percentile, home_state_advantage) VALUES ('iit_guwahati_ee_jadv_gen_2023', 'iit_guwahati_ee', 'JEE_ADVANCED', 'GEN', 2023, NULL, 2730, NULL, false) ON CONFLICT (id) DO NOTHING;
INSERT INTO cutoffs (id, branch_id, exam_name, category, year, cutoff_marks, cutoff_rank, cutoff_percentile, home_state_advantage) VALUES ('iit_guwahati_ee_jadv_obc_2024', 'iit_guwahati_ee', 'JEE_ADVANCED', 'OBC', 2024, NULL, 4160, NULL, false) ON CONFLICT (id) DO NOTHING;
INSERT INTO cutoffs (id, branch_id, exam_name, category, year, cutoff_marks, cutoff_rank, cutoff_percentile, home_state_advantage) VALUES ('iit_guwahati_ee_jadv_obc_2023', 'iit_guwahati_ee', 'JEE_ADVANCED', 'OBC', 2023, NULL, 4368, NULL, false) ON CONFLICT (id) DO NOTHING;
INSERT INTO cutoffs (id, branch_id, exam_name, category, year, cutoff_marks, cutoff_rank, cutoff_percentile, home_state_advantage) VALUES ('iit_guwahati_me_jadv_gen_2024', 'iit_guwahati_me', 'JEE_ADVANCED', 'GEN', 2024, NULL, 5000, NULL, false) ON CONFLICT (id) DO NOTHING;
INSERT INTO cutoffs (id, branch_id, exam_name, category, year, cutoff_marks, cutoff_rank, cutoff_percentile, home_state_advantage) VALUES ('iit_guwahati_me_jadv_gen_2023', 'iit_guwahati_me', 'JEE_ADVANCED', 'GEN', 2023, NULL, 5250, NULL, false) ON CONFLICT (id) DO NOTHING;
INSERT INTO cutoffs (id, branch_id, exam_name, category, year, cutoff_marks, cutoff_rank, cutoff_percentile, home_state_advantage) VALUES ('iit_guwahati_me_jadv_obc_2024', 'iit_guwahati_me', 'JEE_ADVANCED', 'OBC', 2024, NULL, 8000, NULL, false) ON CONFLICT (id) DO NOTHING;
INSERT INTO cutoffs (id, branch_id, exam_name, category, year, cutoff_marks, cutoff_rank, cutoff_percentile, home_state_advantage) VALUES ('iit_guwahati_me_jadv_obc_2023', 'iit_guwahati_me', 'JEE_ADVANCED', 'OBC', 2023, NULL, 8400, NULL, false) ON CONFLICT (id) DO NOTHING;
INSERT INTO cutoffs (id, branch_id, exam_name, category, year, cutoff_marks, cutoff_rank, cutoff_percentile, home_state_advantage) VALUES ('iit_hyderabad_cse_jadv_gen_2024', 'iit_hyderabad_cse', 'JEE_ADVANCED', 'GEN', 2024, NULL, 950, NULL, false) ON CONFLICT (id) DO NOTHING;
INSERT INTO cutoffs (id, branch_id, exam_name, category, year, cutoff_marks, cutoff_rank, cutoff_percentile, home_state_advantage) VALUES ('iit_hyderabad_cse_jadv_gen_2023', 'iit_hyderabad_cse', 'JEE_ADVANCED', 'GEN', 2023, NULL, 998, NULL, false) ON CONFLICT (id) DO NOTHING;
INSERT INTO cutoffs (id, branch_id, exam_name, category, year, cutoff_marks, cutoff_rank, cutoff_percentile, home_state_advantage) VALUES ('iit_hyderabad_cse_jadv_obc_2024', 'iit_hyderabad_cse', 'JEE_ADVANCED', 'OBC', 2024, NULL, 1520, NULL, false) ON CONFLICT (id) DO NOTHING;
INSERT INTO cutoffs (id, branch_id, exam_name, category, year, cutoff_marks, cutoff_rank, cutoff_percentile, home_state_advantage) VALUES ('iit_hyderabad_cse_jadv_obc_2023', 'iit_hyderabad_cse', 'JEE_ADVANCED', 'OBC', 2023, NULL, 1596, NULL, false) ON CONFLICT (id) DO NOTHING;
INSERT INTO cutoffs (id, branch_id, exam_name, category, year, cutoff_marks, cutoff_rank, cutoff_percentile, home_state_advantage) VALUES ('iit_hyderabad_ee_jadv_gen_2024', 'iit_hyderabad_ee', 'JEE_ADVANCED', 'GEN', 2024, NULL, 2200, NULL, false) ON CONFLICT (id) DO NOTHING;
INSERT INTO cutoffs (id, branch_id, exam_name, category, year, cutoff_marks, cutoff_rank, cutoff_percentile, home_state_advantage) VALUES ('iit_hyderabad_ee_jadv_gen_2023', 'iit_hyderabad_ee', 'JEE_ADVANCED', 'GEN', 2023, NULL, 2310, NULL, false) ON CONFLICT (id) DO NOTHING;
INSERT INTO cutoffs (id, branch_id, exam_name, category, year, cutoff_marks, cutoff_rank, cutoff_percentile, home_state_advantage) VALUES ('iit_hyderabad_ee_jadv_obc_2024', 'iit_hyderabad_ee', 'JEE_ADVANCED', 'OBC', 2024, NULL, 3520, NULL, false) ON CONFLICT (id) DO NOTHING;
INSERT INTO cutoffs (id, branch_id, exam_name, category, year, cutoff_marks, cutoff_rank, cutoff_percentile, home_state_advantage) VALUES ('iit_hyderabad_ee_jadv_obc_2023', 'iit_hyderabad_ee', 'JEE_ADVANCED', 'OBC', 2023, NULL, 3696, NULL, false) ON CONFLICT (id) DO NOTHING;
INSERT INTO cutoffs (id, branch_id, exam_name, category, year, cutoff_marks, cutoff_rank, cutoff_percentile, home_state_advantage) VALUES ('iit_hyderabad_me_jadv_gen_2024', 'iit_hyderabad_me', 'JEE_ADVANCED', 'GEN', 2024, NULL, 4500, NULL, false) ON CONFLICT (id) DO NOTHING;
INSERT INTO cutoffs (id, branch_id, exam_name, category, year, cutoff_marks, cutoff_rank, cutoff_percentile, home_state_advantage) VALUES ('iit_hyderabad_me_jadv_gen_2023', 'iit_hyderabad_me', 'JEE_ADVANCED', 'GEN', 2023, NULL, 4725, NULL, false) ON CONFLICT (id) DO NOTHING;
INSERT INTO cutoffs (id, branch_id, exam_name, category, year, cutoff_marks, cutoff_rank, cutoff_percentile, home_state_advantage) VALUES ('iit_hyderabad_me_jadv_obc_2024', 'iit_hyderabad_me', 'JEE_ADVANCED', 'OBC', 2024, NULL, 7200, NULL, false) ON CONFLICT (id) DO NOTHING;
INSERT INTO cutoffs (id, branch_id, exam_name, category, year, cutoff_marks, cutoff_rank, cutoff_percentile, home_state_advantage) VALUES ('iit_hyderabad_me_jadv_obc_2023', 'iit_hyderabad_me', 'JEE_ADVANCED', 'OBC', 2023, NULL, 7560, NULL, false) ON CONFLICT (id) DO NOTHING;
INSERT INTO cutoffs (id, branch_id, exam_name, category, year, cutoff_marks, cutoff_rank, cutoff_percentile, home_state_advantage) VALUES ('nit_trichy_cse_jmain_gen_2024', 'nit_trichy_cse', 'JEE_MAIN', 'GEN', 2024, NULL, NULL, 99.1, false) ON CONFLICT (id) DO NOTHING;
INSERT INTO cutoffs (id, branch_id, exam_name, category, year, cutoff_marks, cutoff_rank, cutoff_percentile, home_state_advantage) VALUES ('nit_trichy_cse_jmain_gen_2023', 'nit_trichy_cse', 'JEE_MAIN', 'GEN', 2023, NULL, NULL, 98.9, false) ON CONFLICT (id) DO NOTHING;
INSERT INTO cutoffs (id, branch_id, exam_name, category, year, cutoff_marks, cutoff_rank, cutoff_percentile, home_state_advantage) VALUES ('nit_trichy_cse_jmain_obc_2024', 'nit_trichy_cse', 'JEE_MAIN', 'OBC', 2024, NULL, NULL, 98.5, false) ON CONFLICT (id) DO NOTHING;
INSERT INTO cutoffs (id, branch_id, exam_name, category, year, cutoff_marks, cutoff_rank, cutoff_percentile, home_state_advantage) VALUES ('nit_trichy_cse_jmain_obc_2023', 'nit_trichy_cse', 'JEE_MAIN', 'OBC', 2023, NULL, NULL, 98.3, false) ON CONFLICT (id) DO NOTHING;
INSERT INTO cutoffs (id, branch_id, exam_name, category, year, cutoff_marks, cutoff_rank, cutoff_percentile, home_state_advantage) VALUES ('nit_trichy_ece_jmain_gen_2024', 'nit_trichy_ece', 'JEE_MAIN', 'GEN', 2024, NULL, NULL, 98.5, false) ON CONFLICT (id) DO NOTHING;
INSERT INTO cutoffs (id, branch_id, exam_name, category, year, cutoff_marks, cutoff_rank, cutoff_percentile, home_state_advantage) VALUES ('nit_trichy_ece_jmain_gen_2023', 'nit_trichy_ece', 'JEE_MAIN', 'GEN', 2023, NULL, NULL, 98.3, false) ON CONFLICT (id) DO NOTHING;
INSERT INTO cutoffs (id, branch_id, exam_name, category, year, cutoff_marks, cutoff_rank, cutoff_percentile, home_state_advantage) VALUES ('nit_trichy_ece_jmain_obc_2024', 'nit_trichy_ece', 'JEE_MAIN', 'OBC', 2024, NULL, NULL, 97.6, false) ON CONFLICT (id) DO NOTHING;
INSERT INTO cutoffs (id, branch_id, exam_name, category, year, cutoff_marks, cutoff_rank, cutoff_percentile, home_state_advantage) VALUES ('nit_trichy_ece_jmain_obc_2023', 'nit_trichy_ece', 'JEE_MAIN', 'OBC', 2023, NULL, NULL, 97.4, false) ON CONFLICT (id) DO NOTHING;
INSERT INTO cutoffs (id, branch_id, exam_name, category, year, cutoff_marks, cutoff_rank, cutoff_percentile, home_state_advantage) VALUES ('nit_trichy_me_jmain_gen_2024', 'nit_trichy_me', 'JEE_MAIN', 'GEN', 2024, NULL, NULL, 96.2, false) ON CONFLICT (id) DO NOTHING;
INSERT INTO cutoffs (id, branch_id, exam_name, category, year, cutoff_marks, cutoff_rank, cutoff_percentile, home_state_advantage) VALUES ('nit_trichy_me_jmain_gen_2023', 'nit_trichy_me', 'JEE_MAIN', 'GEN', 2023, NULL, NULL, 96, false) ON CONFLICT (id) DO NOTHING;
INSERT INTO cutoffs (id, branch_id, exam_name, category, year, cutoff_marks, cutoff_rank, cutoff_percentile, home_state_advantage) VALUES ('nit_trichy_me_jmain_obc_2024', 'nit_trichy_me', 'JEE_MAIN', 'OBC', 2024, NULL, NULL, 94.8, false) ON CONFLICT (id) DO NOTHING;
INSERT INTO cutoffs (id, branch_id, exam_name, category, year, cutoff_marks, cutoff_rank, cutoff_percentile, home_state_advantage) VALUES ('nit_trichy_me_jmain_obc_2023', 'nit_trichy_me', 'JEE_MAIN', 'OBC', 2023, NULL, NULL, 94.6, false) ON CONFLICT (id) DO NOTHING;
INSERT INTO cutoffs (id, branch_id, exam_name, category, year, cutoff_marks, cutoff_rank, cutoff_percentile, home_state_advantage) VALUES ('nit_warangal_cse_jmain_gen_2024', 'nit_warangal_cse', 'JEE_MAIN', 'GEN', 2024, NULL, NULL, 99.2, false) ON CONFLICT (id) DO NOTHING;
INSERT INTO cutoffs (id, branch_id, exam_name, category, year, cutoff_marks, cutoff_rank, cutoff_percentile, home_state_advantage) VALUES ('nit_warangal_cse_jmain_gen_2023', 'nit_warangal_cse', 'JEE_MAIN', 'GEN', 2023, NULL, NULL, 99, false) ON CONFLICT (id) DO NOTHING;
INSERT INTO cutoffs (id, branch_id, exam_name, category, year, cutoff_marks, cutoff_rank, cutoff_percentile, home_state_advantage) VALUES ('nit_warangal_cse_jmain_obc_2024', 'nit_warangal_cse', 'JEE_MAIN', 'OBC', 2024, NULL, NULL, 98.6, false) ON CONFLICT (id) DO NOTHING;
INSERT INTO cutoffs (id, branch_id, exam_name, category, year, cutoff_marks, cutoff_rank, cutoff_percentile, home_state_advantage) VALUES ('nit_warangal_cse_jmain_obc_2023', 'nit_warangal_cse', 'JEE_MAIN', 'OBC', 2023, NULL, NULL, 98.4, false) ON CONFLICT (id) DO NOTHING;
INSERT INTO cutoffs (id, branch_id, exam_name, category, year, cutoff_marks, cutoff_rank, cutoff_percentile, home_state_advantage) VALUES ('nit_warangal_ece_jmain_gen_2024', 'nit_warangal_ece', 'JEE_MAIN', 'GEN', 2024, NULL, NULL, 98.6, false) ON CONFLICT (id) DO NOTHING;
INSERT INTO cutoffs (id, branch_id, exam_name, category, year, cutoff_marks, cutoff_rank, cutoff_percentile, home_state_advantage) VALUES ('nit_warangal_ece_jmain_gen_2023', 'nit_warangal_ece', 'JEE_MAIN', 'GEN', 2023, NULL, NULL, 98.4, false) ON CONFLICT (id) DO NOTHING;
INSERT INTO cutoffs (id, branch_id, exam_name, category, year, cutoff_marks, cutoff_rank, cutoff_percentile, home_state_advantage) VALUES ('nit_warangal_ece_jmain_obc_2024', 'nit_warangal_ece', 'JEE_MAIN', 'OBC', 2024, NULL, NULL, 97.8, false) ON CONFLICT (id) DO NOTHING;
INSERT INTO cutoffs (id, branch_id, exam_name, category, year, cutoff_marks, cutoff_rank, cutoff_percentile, home_state_advantage) VALUES ('nit_warangal_ece_jmain_obc_2023', 'nit_warangal_ece', 'JEE_MAIN', 'OBC', 2023, NULL, NULL, 97.6, false) ON CONFLICT (id) DO NOTHING;
INSERT INTO cutoffs (id, branch_id, exam_name, category, year, cutoff_marks, cutoff_rank, cutoff_percentile, home_state_advantage) VALUES ('nit_warangal_me_jmain_gen_2024', 'nit_warangal_me', 'JEE_MAIN', 'GEN', 2024, NULL, NULL, 96.5, false) ON CONFLICT (id) DO NOTHING;
INSERT INTO cutoffs (id, branch_id, exam_name, category, year, cutoff_marks, cutoff_rank, cutoff_percentile, home_state_advantage) VALUES ('nit_warangal_me_jmain_gen_2023', 'nit_warangal_me', 'JEE_MAIN', 'GEN', 2023, NULL, NULL, 96.3, false) ON CONFLICT (id) DO NOTHING;
INSERT INTO cutoffs (id, branch_id, exam_name, category, year, cutoff_marks, cutoff_rank, cutoff_percentile, home_state_advantage) VALUES ('nit_warangal_me_jmain_obc_2024', 'nit_warangal_me', 'JEE_MAIN', 'OBC', 2024, NULL, NULL, 95.2, false) ON CONFLICT (id) DO NOTHING;
INSERT INTO cutoffs (id, branch_id, exam_name, category, year, cutoff_marks, cutoff_rank, cutoff_percentile, home_state_advantage) VALUES ('nit_warangal_me_jmain_obc_2023', 'nit_warangal_me', 'JEE_MAIN', 'OBC', 2023, NULL, NULL, 95, false) ON CONFLICT (id) DO NOTHING;
INSERT INTO cutoffs (id, branch_id, exam_name, category, year, cutoff_marks, cutoff_rank, cutoff_percentile, home_state_advantage) VALUES ('nit_calicut_cse_jmain_gen_2024', 'nit_calicut_cse', 'JEE_MAIN', 'GEN', 2024, NULL, NULL, 98.8, false) ON CONFLICT (id) DO NOTHING;
INSERT INTO cutoffs (id, branch_id, exam_name, category, year, cutoff_marks, cutoff_rank, cutoff_percentile, home_state_advantage) VALUES ('nit_calicut_cse_jmain_gen_2023', 'nit_calicut_cse', 'JEE_MAIN', 'GEN', 2023, NULL, NULL, 98.6, false) ON CONFLICT (id) DO NOTHING;
INSERT INTO cutoffs (id, branch_id, exam_name, category, year, cutoff_marks, cutoff_rank, cutoff_percentile, home_state_advantage) VALUES ('nit_calicut_cse_jmain_obc_2024', 'nit_calicut_cse', 'JEE_MAIN', 'OBC', 2024, NULL, NULL, 97.8, false) ON CONFLICT (id) DO NOTHING;
INSERT INTO cutoffs (id, branch_id, exam_name, category, year, cutoff_marks, cutoff_rank, cutoff_percentile, home_state_advantage) VALUES ('nit_calicut_cse_jmain_obc_2023', 'nit_calicut_cse', 'JEE_MAIN', 'OBC', 2023, NULL, NULL, 97.6, false) ON CONFLICT (id) DO NOTHING;
INSERT INTO cutoffs (id, branch_id, exam_name, category, year, cutoff_marks, cutoff_rank, cutoff_percentile, home_state_advantage) VALUES ('nit_calicut_ece_jmain_gen_2024', 'nit_calicut_ece', 'JEE_MAIN', 'GEN', 2024, NULL, NULL, 97.8, false) ON CONFLICT (id) DO NOTHING;
INSERT INTO cutoffs (id, branch_id, exam_name, category, year, cutoff_marks, cutoff_rank, cutoff_percentile, home_state_advantage) VALUES ('nit_calicut_ece_jmain_gen_2023', 'nit_calicut_ece', 'JEE_MAIN', 'GEN', 2023, NULL, NULL, 97.6, false) ON CONFLICT (id) DO NOTHING;
INSERT INTO cutoffs (id, branch_id, exam_name, category, year, cutoff_marks, cutoff_rank, cutoff_percentile, home_state_advantage) VALUES ('nit_calicut_ece_jmain_obc_2024', 'nit_calicut_ece', 'JEE_MAIN', 'OBC', 2024, NULL, NULL, 96.5, false) ON CONFLICT (id) DO NOTHING;
INSERT INTO cutoffs (id, branch_id, exam_name, category, year, cutoff_marks, cutoff_rank, cutoff_percentile, home_state_advantage) VALUES ('nit_calicut_ece_jmain_obc_2023', 'nit_calicut_ece', 'JEE_MAIN', 'OBC', 2023, NULL, NULL, 96.3, false) ON CONFLICT (id) DO NOTHING;
INSERT INTO cutoffs (id, branch_id, exam_name, category, year, cutoff_marks, cutoff_rank, cutoff_percentile, home_state_advantage) VALUES ('nit_calicut_me_jmain_gen_2024', 'nit_calicut_me', 'JEE_MAIN', 'GEN', 2024, NULL, NULL, 95, false) ON CONFLICT (id) DO NOTHING;
INSERT INTO cutoffs (id, branch_id, exam_name, category, year, cutoff_marks, cutoff_rank, cutoff_percentile, home_state_advantage) VALUES ('nit_calicut_me_jmain_gen_2023', 'nit_calicut_me', 'JEE_MAIN', 'GEN', 2023, NULL, NULL, 94.8, false) ON CONFLICT (id) DO NOTHING;
INSERT INTO cutoffs (id, branch_id, exam_name, category, year, cutoff_marks, cutoff_rank, cutoff_percentile, home_state_advantage) VALUES ('nit_calicut_me_jmain_obc_2024', 'nit_calicut_me', 'JEE_MAIN', 'OBC', 2024, NULL, NULL, 93.5, false) ON CONFLICT (id) DO NOTHING;
INSERT INTO cutoffs (id, branch_id, exam_name, category, year, cutoff_marks, cutoff_rank, cutoff_percentile, home_state_advantage) VALUES ('nit_calicut_me_jmain_obc_2023', 'nit_calicut_me', 'JEE_MAIN', 'OBC', 2023, NULL, NULL, 93.3, false) ON CONFLICT (id) DO NOTHING;
INSERT INTO cutoffs (id, branch_id, exam_name, category, year, cutoff_marks, cutoff_rank, cutoff_percentile, home_state_advantage) VALUES ('nit_surathkal_cse_jmain_gen_2024', 'nit_surathkal_cse', 'JEE_MAIN', 'GEN', 2024, NULL, NULL, 98.9, false) ON CONFLICT (id) DO NOTHING;
INSERT INTO cutoffs (id, branch_id, exam_name, category, year, cutoff_marks, cutoff_rank, cutoff_percentile, home_state_advantage) VALUES ('nit_surathkal_cse_jmain_gen_2023', 'nit_surathkal_cse', 'JEE_MAIN', 'GEN', 2023, NULL, NULL, 98.7, false) ON CONFLICT (id) DO NOTHING;
INSERT INTO cutoffs (id, branch_id, exam_name, category, year, cutoff_marks, cutoff_rank, cutoff_percentile, home_state_advantage) VALUES ('nit_surathkal_cse_jmain_obc_2024', 'nit_surathkal_cse', 'JEE_MAIN', 'OBC', 2024, NULL, NULL, 98, false) ON CONFLICT (id) DO NOTHING;
INSERT INTO cutoffs (id, branch_id, exam_name, category, year, cutoff_marks, cutoff_rank, cutoff_percentile, home_state_advantage) VALUES ('nit_surathkal_cse_jmain_obc_2023', 'nit_surathkal_cse', 'JEE_MAIN', 'OBC', 2023, NULL, NULL, 97.8, false) ON CONFLICT (id) DO NOTHING;
INSERT INTO cutoffs (id, branch_id, exam_name, category, year, cutoff_marks, cutoff_rank, cutoff_percentile, home_state_advantage) VALUES ('nit_surathkal_ece_jmain_gen_2024', 'nit_surathkal_ece', 'JEE_MAIN', 'GEN', 2024, NULL, NULL, 98, false) ON CONFLICT (id) DO NOTHING;
INSERT INTO cutoffs (id, branch_id, exam_name, category, year, cutoff_marks, cutoff_rank, cutoff_percentile, home_state_advantage) VALUES ('nit_surathkal_ece_jmain_gen_2023', 'nit_surathkal_ece', 'JEE_MAIN', 'GEN', 2023, NULL, NULL, 97.8, false) ON CONFLICT (id) DO NOTHING;
INSERT INTO cutoffs (id, branch_id, exam_name, category, year, cutoff_marks, cutoff_rank, cutoff_percentile, home_state_advantage) VALUES ('nit_surathkal_ece_jmain_obc_2024', 'nit_surathkal_ece', 'JEE_MAIN', 'OBC', 2024, NULL, NULL, 97, false) ON CONFLICT (id) DO NOTHING;
INSERT INTO cutoffs (id, branch_id, exam_name, category, year, cutoff_marks, cutoff_rank, cutoff_percentile, home_state_advantage) VALUES ('nit_surathkal_ece_jmain_obc_2023', 'nit_surathkal_ece', 'JEE_MAIN', 'OBC', 2023, NULL, NULL, 96.8, false) ON CONFLICT (id) DO NOTHING;
INSERT INTO cutoffs (id, branch_id, exam_name, category, year, cutoff_marks, cutoff_rank, cutoff_percentile, home_state_advantage) VALUES ('nit_surathkal_me_jmain_gen_2024', 'nit_surathkal_me', 'JEE_MAIN', 'GEN', 2024, NULL, NULL, 95.5, false) ON CONFLICT (id) DO NOTHING;
INSERT INTO cutoffs (id, branch_id, exam_name, category, year, cutoff_marks, cutoff_rank, cutoff_percentile, home_state_advantage) VALUES ('nit_surathkal_me_jmain_gen_2023', 'nit_surathkal_me', 'JEE_MAIN', 'GEN', 2023, NULL, NULL, 95.3, false) ON CONFLICT (id) DO NOTHING;
INSERT INTO cutoffs (id, branch_id, exam_name, category, year, cutoff_marks, cutoff_rank, cutoff_percentile, home_state_advantage) VALUES ('nit_surathkal_me_jmain_obc_2024', 'nit_surathkal_me', 'JEE_MAIN', 'OBC', 2024, NULL, NULL, 94, false) ON CONFLICT (id) DO NOTHING;
INSERT INTO cutoffs (id, branch_id, exam_name, category, year, cutoff_marks, cutoff_rank, cutoff_percentile, home_state_advantage) VALUES ('nit_surathkal_me_jmain_obc_2023', 'nit_surathkal_me', 'JEE_MAIN', 'OBC', 2023, NULL, NULL, 93.8, false) ON CONFLICT (id) DO NOTHING;
INSERT INTO cutoffs (id, branch_id, exam_name, category, year, cutoff_marks, cutoff_rank, cutoff_percentile, home_state_advantage) VALUES ('nit_rourkela_cse_jmain_gen_2024', 'nit_rourkela_cse', 'JEE_MAIN', 'GEN', 2024, NULL, NULL, 98, false) ON CONFLICT (id) DO NOTHING;
INSERT INTO cutoffs (id, branch_id, exam_name, category, year, cutoff_marks, cutoff_rank, cutoff_percentile, home_state_advantage) VALUES ('nit_rourkela_cse_jmain_gen_2023', 'nit_rourkela_cse', 'JEE_MAIN', 'GEN', 2023, NULL, NULL, 97.8, false) ON CONFLICT (id) DO NOTHING;
INSERT INTO cutoffs (id, branch_id, exam_name, category, year, cutoff_marks, cutoff_rank, cutoff_percentile, home_state_advantage) VALUES ('nit_rourkela_cse_jmain_obc_2024', 'nit_rourkela_cse', 'JEE_MAIN', 'OBC', 2024, NULL, NULL, 96.8, false) ON CONFLICT (id) DO NOTHING;
INSERT INTO cutoffs (id, branch_id, exam_name, category, year, cutoff_marks, cutoff_rank, cutoff_percentile, home_state_advantage) VALUES ('nit_rourkela_cse_jmain_obc_2023', 'nit_rourkela_cse', 'JEE_MAIN', 'OBC', 2023, NULL, NULL, 96.6, false) ON CONFLICT (id) DO NOTHING;
INSERT INTO cutoffs (id, branch_id, exam_name, category, year, cutoff_marks, cutoff_rank, cutoff_percentile, home_state_advantage) VALUES ('nit_rourkela_ece_jmain_gen_2024', 'nit_rourkela_ece', 'JEE_MAIN', 'GEN', 2024, NULL, NULL, 96.8, false) ON CONFLICT (id) DO NOTHING;
INSERT INTO cutoffs (id, branch_id, exam_name, category, year, cutoff_marks, cutoff_rank, cutoff_percentile, home_state_advantage) VALUES ('nit_rourkela_ece_jmain_gen_2023', 'nit_rourkela_ece', 'JEE_MAIN', 'GEN', 2023, NULL, NULL, 96.6, false) ON CONFLICT (id) DO NOTHING;
INSERT INTO cutoffs (id, branch_id, exam_name, category, year, cutoff_marks, cutoff_rank, cutoff_percentile, home_state_advantage) VALUES ('nit_rourkela_ece_jmain_obc_2024', 'nit_rourkela_ece', 'JEE_MAIN', 'OBC', 2024, NULL, NULL, 95.2, false) ON CONFLICT (id) DO NOTHING;
INSERT INTO cutoffs (id, branch_id, exam_name, category, year, cutoff_marks, cutoff_rank, cutoff_percentile, home_state_advantage) VALUES ('nit_rourkela_ece_jmain_obc_2023', 'nit_rourkela_ece', 'JEE_MAIN', 'OBC', 2023, NULL, NULL, 95, false) ON CONFLICT (id) DO NOTHING;
INSERT INTO cutoffs (id, branch_id, exam_name, category, year, cutoff_marks, cutoff_rank, cutoff_percentile, home_state_advantage) VALUES ('nit_rourkela_me_jmain_gen_2024', 'nit_rourkela_me', 'JEE_MAIN', 'GEN', 2024, NULL, NULL, 93.5, false) ON CONFLICT (id) DO NOTHING;
INSERT INTO cutoffs (id, branch_id, exam_name, category, year, cutoff_marks, cutoff_rank, cutoff_percentile, home_state_advantage) VALUES ('nit_rourkela_me_jmain_gen_2023', 'nit_rourkela_me', 'JEE_MAIN', 'GEN', 2023, NULL, NULL, 93.3, false) ON CONFLICT (id) DO NOTHING;
INSERT INTO cutoffs (id, branch_id, exam_name, category, year, cutoff_marks, cutoff_rank, cutoff_percentile, home_state_advantage) VALUES ('nit_rourkela_me_jmain_obc_2024', 'nit_rourkela_me', 'JEE_MAIN', 'OBC', 2024, NULL, NULL, 91.8, false) ON CONFLICT (id) DO NOTHING;
INSERT INTO cutoffs (id, branch_id, exam_name, category, year, cutoff_marks, cutoff_rank, cutoff_percentile, home_state_advantage) VALUES ('nit_rourkela_me_jmain_obc_2023', 'nit_rourkela_me', 'JEE_MAIN', 'OBC', 2023, NULL, NULL, 91.6, false) ON CONFLICT (id) DO NOTHING;
INSERT INTO cutoffs (id, branch_id, exam_name, category, year, cutoff_marks, cutoff_rank, cutoff_percentile, home_state_advantage) VALUES ('nit_durgapur_cse_jmain_gen_2024', 'nit_durgapur_cse', 'JEE_MAIN', 'GEN', 2024, NULL, NULL, 96.5, false) ON CONFLICT (id) DO NOTHING;
INSERT INTO cutoffs (id, branch_id, exam_name, category, year, cutoff_marks, cutoff_rank, cutoff_percentile, home_state_advantage) VALUES ('nit_durgapur_cse_jmain_gen_2023', 'nit_durgapur_cse', 'JEE_MAIN', 'GEN', 2023, NULL, NULL, 96.3, false) ON CONFLICT (id) DO NOTHING;
INSERT INTO cutoffs (id, branch_id, exam_name, category, year, cutoff_marks, cutoff_rank, cutoff_percentile, home_state_advantage) VALUES ('nit_durgapur_cse_jmain_obc_2024', 'nit_durgapur_cse', 'JEE_MAIN', 'OBC', 2024, NULL, NULL, 94.8, false) ON CONFLICT (id) DO NOTHING;
INSERT INTO cutoffs (id, branch_id, exam_name, category, year, cutoff_marks, cutoff_rank, cutoff_percentile, home_state_advantage) VALUES ('nit_durgapur_cse_jmain_obc_2023', 'nit_durgapur_cse', 'JEE_MAIN', 'OBC', 2023, NULL, NULL, 94.6, false) ON CONFLICT (id) DO NOTHING;
INSERT INTO cutoffs (id, branch_id, exam_name, category, year, cutoff_marks, cutoff_rank, cutoff_percentile, home_state_advantage) VALUES ('nit_durgapur_ece_jmain_gen_2024', 'nit_durgapur_ece', 'JEE_MAIN', 'GEN', 2024, NULL, NULL, 94.8, false) ON CONFLICT (id) DO NOTHING;
INSERT INTO cutoffs (id, branch_id, exam_name, category, year, cutoff_marks, cutoff_rank, cutoff_percentile, home_state_advantage) VALUES ('nit_durgapur_ece_jmain_gen_2023', 'nit_durgapur_ece', 'JEE_MAIN', 'GEN', 2023, NULL, NULL, 94.6, false) ON CONFLICT (id) DO NOTHING;
INSERT INTO cutoffs (id, branch_id, exam_name, category, year, cutoff_marks, cutoff_rank, cutoff_percentile, home_state_advantage) VALUES ('nit_durgapur_ece_jmain_obc_2024', 'nit_durgapur_ece', 'JEE_MAIN', 'OBC', 2024, NULL, NULL, 92.8, false) ON CONFLICT (id) DO NOTHING;
INSERT INTO cutoffs (id, branch_id, exam_name, category, year, cutoff_marks, cutoff_rank, cutoff_percentile, home_state_advantage) VALUES ('nit_durgapur_ece_jmain_obc_2023', 'nit_durgapur_ece', 'JEE_MAIN', 'OBC', 2023, NULL, NULL, 92.6, false) ON CONFLICT (id) DO NOTHING;
INSERT INTO cutoffs (id, branch_id, exam_name, category, year, cutoff_marks, cutoff_rank, cutoff_percentile, home_state_advantage) VALUES ('nit_durgapur_me_jmain_gen_2024', 'nit_durgapur_me', 'JEE_MAIN', 'GEN', 2024, NULL, NULL, 90.5, false) ON CONFLICT (id) DO NOTHING;
INSERT INTO cutoffs (id, branch_id, exam_name, category, year, cutoff_marks, cutoff_rank, cutoff_percentile, home_state_advantage) VALUES ('nit_durgapur_me_jmain_gen_2023', 'nit_durgapur_me', 'JEE_MAIN', 'GEN', 2023, NULL, NULL, 90.3, false) ON CONFLICT (id) DO NOTHING;
INSERT INTO cutoffs (id, branch_id, exam_name, category, year, cutoff_marks, cutoff_rank, cutoff_percentile, home_state_advantage) VALUES ('nit_durgapur_me_jmain_obc_2024', 'nit_durgapur_me', 'JEE_MAIN', 'OBC', 2024, NULL, NULL, 88, false) ON CONFLICT (id) DO NOTHING;
INSERT INTO cutoffs (id, branch_id, exam_name, category, year, cutoff_marks, cutoff_rank, cutoff_percentile, home_state_advantage) VALUES ('nit_durgapur_me_jmain_obc_2023', 'nit_durgapur_me', 'JEE_MAIN', 'OBC', 2023, NULL, NULL, 87.8, false) ON CONFLICT (id) DO NOTHING;
INSERT INTO cutoffs (id, branch_id, exam_name, category, year, cutoff_marks, cutoff_rank, cutoff_percentile, home_state_advantage) VALUES ('nit_jaipur_cse_jmain_gen_2024', 'nit_jaipur_cse', 'JEE_MAIN', 'GEN', 2024, NULL, NULL, 97.8, false) ON CONFLICT (id) DO NOTHING;
INSERT INTO cutoffs (id, branch_id, exam_name, category, year, cutoff_marks, cutoff_rank, cutoff_percentile, home_state_advantage) VALUES ('nit_jaipur_cse_jmain_gen_2023', 'nit_jaipur_cse', 'JEE_MAIN', 'GEN', 2023, NULL, NULL, 97.6, false) ON CONFLICT (id) DO NOTHING;
INSERT INTO cutoffs (id, branch_id, exam_name, category, year, cutoff_marks, cutoff_rank, cutoff_percentile, home_state_advantage) VALUES ('nit_jaipur_cse_jmain_obc_2024', 'nit_jaipur_cse', 'JEE_MAIN', 'OBC', 2024, NULL, NULL, 96, false) ON CONFLICT (id) DO NOTHING;
INSERT INTO cutoffs (id, branch_id, exam_name, category, year, cutoff_marks, cutoff_rank, cutoff_percentile, home_state_advantage) VALUES ('nit_jaipur_cse_jmain_obc_2023', 'nit_jaipur_cse', 'JEE_MAIN', 'OBC', 2023, NULL, NULL, 95.8, false) ON CONFLICT (id) DO NOTHING;
INSERT INTO cutoffs (id, branch_id, exam_name, category, year, cutoff_marks, cutoff_rank, cutoff_percentile, home_state_advantage) VALUES ('nit_jaipur_ece_jmain_gen_2024', 'nit_jaipur_ece', 'JEE_MAIN', 'GEN', 2024, NULL, NULL, 96, false) ON CONFLICT (id) DO NOTHING;
INSERT INTO cutoffs (id, branch_id, exam_name, category, year, cutoff_marks, cutoff_rank, cutoff_percentile, home_state_advantage) VALUES ('nit_jaipur_ece_jmain_gen_2023', 'nit_jaipur_ece', 'JEE_MAIN', 'GEN', 2023, NULL, NULL, 95.8, false) ON CONFLICT (id) DO NOTHING;
INSERT INTO cutoffs (id, branch_id, exam_name, category, year, cutoff_marks, cutoff_rank, cutoff_percentile, home_state_advantage) VALUES ('nit_jaipur_ece_jmain_obc_2024', 'nit_jaipur_ece', 'JEE_MAIN', 'OBC', 2024, NULL, NULL, 94.5, false) ON CONFLICT (id) DO NOTHING;
INSERT INTO cutoffs (id, branch_id, exam_name, category, year, cutoff_marks, cutoff_rank, cutoff_percentile, home_state_advantage) VALUES ('nit_jaipur_ece_jmain_obc_2023', 'nit_jaipur_ece', 'JEE_MAIN', 'OBC', 2023, NULL, NULL, 94.3, false) ON CONFLICT (id) DO NOTHING;
INSERT INTO cutoffs (id, branch_id, exam_name, category, year, cutoff_marks, cutoff_rank, cutoff_percentile, home_state_advantage) VALUES ('nit_jaipur_me_jmain_gen_2024', 'nit_jaipur_me', 'JEE_MAIN', 'GEN', 2024, NULL, NULL, 92, false) ON CONFLICT (id) DO NOTHING;
INSERT INTO cutoffs (id, branch_id, exam_name, category, year, cutoff_marks, cutoff_rank, cutoff_percentile, home_state_advantage) VALUES ('nit_jaipur_me_jmain_gen_2023', 'nit_jaipur_me', 'JEE_MAIN', 'GEN', 2023, NULL, NULL, 91.8, false) ON CONFLICT (id) DO NOTHING;
INSERT INTO cutoffs (id, branch_id, exam_name, category, year, cutoff_marks, cutoff_rank, cutoff_percentile, home_state_advantage) VALUES ('nit_jaipur_me_jmain_obc_2024', 'nit_jaipur_me', 'JEE_MAIN', 'OBC', 2024, NULL, NULL, 90, false) ON CONFLICT (id) DO NOTHING;
INSERT INTO cutoffs (id, branch_id, exam_name, category, year, cutoff_marks, cutoff_rank, cutoff_percentile, home_state_advantage) VALUES ('nit_jaipur_me_jmain_obc_2023', 'nit_jaipur_me', 'JEE_MAIN', 'OBC', 2023, NULL, NULL, 89.8, false) ON CONFLICT (id) DO NOTHING;
INSERT INTO cutoffs (id, branch_id, exam_name, category, year, cutoff_marks, cutoff_rank, cutoff_percentile, home_state_advantage) VALUES ('nit_allahabad_cse_jmain_gen_2024', 'nit_allahabad_cse', 'JEE_MAIN', 'GEN', 2024, NULL, NULL, 97.2, false) ON CONFLICT (id) DO NOTHING;
INSERT INTO cutoffs (id, branch_id, exam_name, category, year, cutoff_marks, cutoff_rank, cutoff_percentile, home_state_advantage) VALUES ('nit_allahabad_cse_jmain_gen_2023', 'nit_allahabad_cse', 'JEE_MAIN', 'GEN', 2023, NULL, NULL, 97, false) ON CONFLICT (id) DO NOTHING;
INSERT INTO cutoffs (id, branch_id, exam_name, category, year, cutoff_marks, cutoff_rank, cutoff_percentile, home_state_advantage) VALUES ('nit_allahabad_cse_jmain_obc_2024', 'nit_allahabad_cse', 'JEE_MAIN', 'OBC', 2024, NULL, NULL, 95.5, false) ON CONFLICT (id) DO NOTHING;
INSERT INTO cutoffs (id, branch_id, exam_name, category, year, cutoff_marks, cutoff_rank, cutoff_percentile, home_state_advantage) VALUES ('nit_allahabad_cse_jmain_obc_2023', 'nit_allahabad_cse', 'JEE_MAIN', 'OBC', 2023, NULL, NULL, 95.3, false) ON CONFLICT (id) DO NOTHING;
INSERT INTO cutoffs (id, branch_id, exam_name, category, year, cutoff_marks, cutoff_rank, cutoff_percentile, home_state_advantage) VALUES ('nit_allahabad_ece_jmain_gen_2024', 'nit_allahabad_ece', 'JEE_MAIN', 'GEN', 2024, NULL, NULL, 95.5, false) ON CONFLICT (id) DO NOTHING;
INSERT INTO cutoffs (id, branch_id, exam_name, category, year, cutoff_marks, cutoff_rank, cutoff_percentile, home_state_advantage) VALUES ('nit_allahabad_ece_jmain_gen_2023', 'nit_allahabad_ece', 'JEE_MAIN', 'GEN', 2023, NULL, NULL, 95.3, false) ON CONFLICT (id) DO NOTHING;
INSERT INTO cutoffs (id, branch_id, exam_name, category, year, cutoff_marks, cutoff_rank, cutoff_percentile, home_state_advantage) VALUES ('nit_allahabad_ece_jmain_obc_2024', 'nit_allahabad_ece', 'JEE_MAIN', 'OBC', 2024, NULL, NULL, 93.8, false) ON CONFLICT (id) DO NOTHING;
INSERT INTO cutoffs (id, branch_id, exam_name, category, year, cutoff_marks, cutoff_rank, cutoff_percentile, home_state_advantage) VALUES ('nit_allahabad_ece_jmain_obc_2023', 'nit_allahabad_ece', 'JEE_MAIN', 'OBC', 2023, NULL, NULL, 93.6, false) ON CONFLICT (id) DO NOTHING;
INSERT INTO cutoffs (id, branch_id, exam_name, category, year, cutoff_marks, cutoff_rank, cutoff_percentile, home_state_advantage) VALUES ('nit_allahabad_me_jmain_gen_2024', 'nit_allahabad_me', 'JEE_MAIN', 'GEN', 2024, NULL, NULL, 91.5, false) ON CONFLICT (id) DO NOTHING;
INSERT INTO cutoffs (id, branch_id, exam_name, category, year, cutoff_marks, cutoff_rank, cutoff_percentile, home_state_advantage) VALUES ('nit_allahabad_me_jmain_gen_2023', 'nit_allahabad_me', 'JEE_MAIN', 'GEN', 2023, NULL, NULL, 91.3, false) ON CONFLICT (id) DO NOTHING;
INSERT INTO cutoffs (id, branch_id, exam_name, category, year, cutoff_marks, cutoff_rank, cutoff_percentile, home_state_advantage) VALUES ('nit_allahabad_me_jmain_obc_2024', 'nit_allahabad_me', 'JEE_MAIN', 'OBC', 2024, NULL, NULL, 89.5, false) ON CONFLICT (id) DO NOTHING;
INSERT INTO cutoffs (id, branch_id, exam_name, category, year, cutoff_marks, cutoff_rank, cutoff_percentile, home_state_advantage) VALUES ('nit_allahabad_me_jmain_obc_2023', 'nit_allahabad_me', 'JEE_MAIN', 'OBC', 2023, NULL, NULL, 89.3, false) ON CONFLICT (id) DO NOTHING;
INSERT INTO cutoffs (id, branch_id, exam_name, category, year, cutoff_marks, cutoff_rank, cutoff_percentile, home_state_advantage) VALUES ('iiit_hyderabad_jee_cse_jmain_gen_2024', 'iiit_hyderabad_jee_cse', 'JEE_MAIN', 'GEN', 2024, NULL, NULL, 99.5, false) ON CONFLICT (id) DO NOTHING;
INSERT INTO cutoffs (id, branch_id, exam_name, category, year, cutoff_marks, cutoff_rank, cutoff_percentile, home_state_advantage) VALUES ('iiit_hyderabad_jee_cse_jmain_gen_2023', 'iiit_hyderabad_jee_cse', 'JEE_MAIN', 'GEN', 2023, NULL, NULL, 99.3, false) ON CONFLICT (id) DO NOTHING;
INSERT INTO cutoffs (id, branch_id, exam_name, category, year, cutoff_marks, cutoff_rank, cutoff_percentile, home_state_advantage) VALUES ('iiit_hyderabad_jee_cse_jmain_obc_2024', 'iiit_hyderabad_jee_cse', 'JEE_MAIN', 'OBC', 2024, NULL, NULL, 99, false) ON CONFLICT (id) DO NOTHING;
INSERT INTO cutoffs (id, branch_id, exam_name, category, year, cutoff_marks, cutoff_rank, cutoff_percentile, home_state_advantage) VALUES ('iiit_hyderabad_jee_cse_jmain_obc_2023', 'iiit_hyderabad_jee_cse', 'JEE_MAIN', 'OBC', 2023, NULL, NULL, 98.8, false) ON CONFLICT (id) DO NOTHING;
INSERT INTO cutoffs (id, branch_id, exam_name, category, year, cutoff_marks, cutoff_rank, cutoff_percentile, home_state_advantage) VALUES ('iiit_hyderabad_jee_ece_jmain_gen_2024', 'iiit_hyderabad_jee_ece', 'JEE_MAIN', 'GEN', 2024, NULL, NULL, 99, false) ON CONFLICT (id) DO NOTHING;
INSERT INTO cutoffs (id, branch_id, exam_name, category, year, cutoff_marks, cutoff_rank, cutoff_percentile, home_state_advantage) VALUES ('iiit_hyderabad_jee_ece_jmain_gen_2023', 'iiit_hyderabad_jee_ece', 'JEE_MAIN', 'GEN', 2023, NULL, NULL, 98.8, false) ON CONFLICT (id) DO NOTHING;
INSERT INTO cutoffs (id, branch_id, exam_name, category, year, cutoff_marks, cutoff_rank, cutoff_percentile, home_state_advantage) VALUES ('iiit_hyderabad_jee_ece_jmain_obc_2024', 'iiit_hyderabad_jee_ece', 'JEE_MAIN', 'OBC', 2024, NULL, NULL, 98.5, false) ON CONFLICT (id) DO NOTHING;
INSERT INTO cutoffs (id, branch_id, exam_name, category, year, cutoff_marks, cutoff_rank, cutoff_percentile, home_state_advantage) VALUES ('iiit_hyderabad_jee_ece_jmain_obc_2023', 'iiit_hyderabad_jee_ece', 'JEE_MAIN', 'OBC', 2023, NULL, NULL, 98.3, false) ON CONFLICT (id) DO NOTHING;
INSERT INTO cutoffs (id, branch_id, exam_name, category, year, cutoff_marks, cutoff_rank, cutoff_percentile, home_state_advantage) VALUES ('iiit_hyderabad_jee_it_jmain_gen_2024', 'iiit_hyderabad_jee_it', 'JEE_MAIN', 'GEN', 2024, NULL, NULL, 99.2, false) ON CONFLICT (id) DO NOTHING;
INSERT INTO cutoffs (id, branch_id, exam_name, category, year, cutoff_marks, cutoff_rank, cutoff_percentile, home_state_advantage) VALUES ('iiit_hyderabad_jee_it_jmain_gen_2023', 'iiit_hyderabad_jee_it', 'JEE_MAIN', 'GEN', 2023, NULL, NULL, 99, false) ON CONFLICT (id) DO NOTHING;
INSERT INTO cutoffs (id, branch_id, exam_name, category, year, cutoff_marks, cutoff_rank, cutoff_percentile, home_state_advantage) VALUES ('iiit_hyderabad_jee_it_jmain_obc_2024', 'iiit_hyderabad_jee_it', 'JEE_MAIN', 'OBC', 2024, NULL, NULL, 98.8, false) ON CONFLICT (id) DO NOTHING;
INSERT INTO cutoffs (id, branch_id, exam_name, category, year, cutoff_marks, cutoff_rank, cutoff_percentile, home_state_advantage) VALUES ('iiit_hyderabad_jee_it_jmain_obc_2023', 'iiit_hyderabad_jee_it', 'JEE_MAIN', 'OBC', 2023, NULL, NULL, 98.6, false) ON CONFLICT (id) DO NOTHING;
INSERT INTO cutoffs (id, branch_id, exam_name, category, year, cutoff_marks, cutoff_rank, cutoff_percentile, home_state_advantage) VALUES ('iiit_allahabad_cse_jmain_gen_2024', 'iiit_allahabad_cse', 'JEE_MAIN', 'GEN', 2024, NULL, NULL, 98.5, false) ON CONFLICT (id) DO NOTHING;
INSERT INTO cutoffs (id, branch_id, exam_name, category, year, cutoff_marks, cutoff_rank, cutoff_percentile, home_state_advantage) VALUES ('iiit_allahabad_cse_jmain_gen_2023', 'iiit_allahabad_cse', 'JEE_MAIN', 'GEN', 2023, NULL, NULL, 98.3, false) ON CONFLICT (id) DO NOTHING;
INSERT INTO cutoffs (id, branch_id, exam_name, category, year, cutoff_marks, cutoff_rank, cutoff_percentile, home_state_advantage) VALUES ('iiit_allahabad_cse_jmain_obc_2024', 'iiit_allahabad_cse', 'JEE_MAIN', 'OBC', 2024, NULL, NULL, 97.2, false) ON CONFLICT (id) DO NOTHING;
INSERT INTO cutoffs (id, branch_id, exam_name, category, year, cutoff_marks, cutoff_rank, cutoff_percentile, home_state_advantage) VALUES ('iiit_allahabad_cse_jmain_obc_2023', 'iiit_allahabad_cse', 'JEE_MAIN', 'OBC', 2023, NULL, NULL, 97, false) ON CONFLICT (id) DO NOTHING;
INSERT INTO cutoffs (id, branch_id, exam_name, category, year, cutoff_marks, cutoff_rank, cutoff_percentile, home_state_advantage) VALUES ('iiit_allahabad_ece_jmain_gen_2024', 'iiit_allahabad_ece', 'JEE_MAIN', 'GEN', 2024, NULL, NULL, 97.2, false) ON CONFLICT (id) DO NOTHING;
INSERT INTO cutoffs (id, branch_id, exam_name, category, year, cutoff_marks, cutoff_rank, cutoff_percentile, home_state_advantage) VALUES ('iiit_allahabad_ece_jmain_gen_2023', 'iiit_allahabad_ece', 'JEE_MAIN', 'GEN', 2023, NULL, NULL, 97, false) ON CONFLICT (id) DO NOTHING;
INSERT INTO cutoffs (id, branch_id, exam_name, category, year, cutoff_marks, cutoff_rank, cutoff_percentile, home_state_advantage) VALUES ('iiit_allahabad_ece_jmain_obc_2024', 'iiit_allahabad_ece', 'JEE_MAIN', 'OBC', 2024, NULL, NULL, 95.8, false) ON CONFLICT (id) DO NOTHING;
INSERT INTO cutoffs (id, branch_id, exam_name, category, year, cutoff_marks, cutoff_rank, cutoff_percentile, home_state_advantage) VALUES ('iiit_allahabad_ece_jmain_obc_2023', 'iiit_allahabad_ece', 'JEE_MAIN', 'OBC', 2023, NULL, NULL, 95.6, false) ON CONFLICT (id) DO NOTHING;
INSERT INTO cutoffs (id, branch_id, exam_name, category, year, cutoff_marks, cutoff_rank, cutoff_percentile, home_state_advantage) VALUES ('iiit_allahabad_it_jmain_gen_2024', 'iiit_allahabad_it', 'JEE_MAIN', 'GEN', 2024, NULL, NULL, 97.8, false) ON CONFLICT (id) DO NOTHING;
INSERT INTO cutoffs (id, branch_id, exam_name, category, year, cutoff_marks, cutoff_rank, cutoff_percentile, home_state_advantage) VALUES ('iiit_allahabad_it_jmain_gen_2023', 'iiit_allahabad_it', 'JEE_MAIN', 'GEN', 2023, NULL, NULL, 97.6, false) ON CONFLICT (id) DO NOTHING;
INSERT INTO cutoffs (id, branch_id, exam_name, category, year, cutoff_marks, cutoff_rank, cutoff_percentile, home_state_advantage) VALUES ('iiit_allahabad_it_jmain_obc_2024', 'iiit_allahabad_it', 'JEE_MAIN', 'OBC', 2024, NULL, NULL, 96.5, false) ON CONFLICT (id) DO NOTHING;
INSERT INTO cutoffs (id, branch_id, exam_name, category, year, cutoff_marks, cutoff_rank, cutoff_percentile, home_state_advantage) VALUES ('iiit_allahabad_it_jmain_obc_2023', 'iiit_allahabad_it', 'JEE_MAIN', 'OBC', 2023, NULL, NULL, 96.3, false) ON CONFLICT (id) DO NOTHING;
INSERT INTO cutoffs (id, branch_id, exam_name, category, year, cutoff_marks, cutoff_rank, cutoff_percentile, home_state_advantage) VALUES ('iiit_bangalore_cse_jmain_gen_2024', 'iiit_bangalore_cse', 'JEE_MAIN', 'GEN', 2024, NULL, NULL, 98, false) ON CONFLICT (id) DO NOTHING;
INSERT INTO cutoffs (id, branch_id, exam_name, category, year, cutoff_marks, cutoff_rank, cutoff_percentile, home_state_advantage) VALUES ('iiit_bangalore_cse_jmain_gen_2023', 'iiit_bangalore_cse', 'JEE_MAIN', 'GEN', 2023, NULL, NULL, 97.8, false) ON CONFLICT (id) DO NOTHING;
INSERT INTO cutoffs (id, branch_id, exam_name, category, year, cutoff_marks, cutoff_rank, cutoff_percentile, home_state_advantage) VALUES ('iiit_bangalore_cse_jmain_obc_2024', 'iiit_bangalore_cse', 'JEE_MAIN', 'OBC', 2024, NULL, NULL, 96.5, false) ON CONFLICT (id) DO NOTHING;
INSERT INTO cutoffs (id, branch_id, exam_name, category, year, cutoff_marks, cutoff_rank, cutoff_percentile, home_state_advantage) VALUES ('iiit_bangalore_cse_jmain_obc_2023', 'iiit_bangalore_cse', 'JEE_MAIN', 'OBC', 2023, NULL, NULL, 96.3, false) ON CONFLICT (id) DO NOTHING;
INSERT INTO cutoffs (id, branch_id, exam_name, category, year, cutoff_marks, cutoff_rank, cutoff_percentile, home_state_advantage) VALUES ('iiit_bangalore_ece_jmain_gen_2024', 'iiit_bangalore_ece', 'JEE_MAIN', 'GEN', 2024, NULL, NULL, 96.5, false) ON CONFLICT (id) DO NOTHING;
INSERT INTO cutoffs (id, branch_id, exam_name, category, year, cutoff_marks, cutoff_rank, cutoff_percentile, home_state_advantage) VALUES ('iiit_bangalore_ece_jmain_gen_2023', 'iiit_bangalore_ece', 'JEE_MAIN', 'GEN', 2023, NULL, NULL, 96.3, false) ON CONFLICT (id) DO NOTHING;
INSERT INTO cutoffs (id, branch_id, exam_name, category, year, cutoff_marks, cutoff_rank, cutoff_percentile, home_state_advantage) VALUES ('iiit_bangalore_ece_jmain_obc_2024', 'iiit_bangalore_ece', 'JEE_MAIN', 'OBC', 2024, NULL, NULL, 95, false) ON CONFLICT (id) DO NOTHING;
INSERT INTO cutoffs (id, branch_id, exam_name, category, year, cutoff_marks, cutoff_rank, cutoff_percentile, home_state_advantage) VALUES ('iiit_bangalore_ece_jmain_obc_2023', 'iiit_bangalore_ece', 'JEE_MAIN', 'OBC', 2023, NULL, NULL, 94.8, false) ON CONFLICT (id) DO NOTHING;
INSERT INTO cutoffs (id, branch_id, exam_name, category, year, cutoff_marks, cutoff_rank, cutoff_percentile, home_state_advantage) VALUES ('iiit_bangalore_it_jmain_gen_2024', 'iiit_bangalore_it', 'JEE_MAIN', 'GEN', 2024, NULL, NULL, 97, false) ON CONFLICT (id) DO NOTHING;
INSERT INTO cutoffs (id, branch_id, exam_name, category, year, cutoff_marks, cutoff_rank, cutoff_percentile, home_state_advantage) VALUES ('iiit_bangalore_it_jmain_gen_2023', 'iiit_bangalore_it', 'JEE_MAIN', 'GEN', 2023, NULL, NULL, 96.8, false) ON CONFLICT (id) DO NOTHING;
INSERT INTO cutoffs (id, branch_id, exam_name, category, year, cutoff_marks, cutoff_rank, cutoff_percentile, home_state_advantage) VALUES ('iiit_bangalore_it_jmain_obc_2024', 'iiit_bangalore_it', 'JEE_MAIN', 'OBC', 2024, NULL, NULL, 95.5, false) ON CONFLICT (id) DO NOTHING;
INSERT INTO cutoffs (id, branch_id, exam_name, category, year, cutoff_marks, cutoff_rank, cutoff_percentile, home_state_advantage) VALUES ('iiit_bangalore_it_jmain_obc_2023', 'iiit_bangalore_it', 'JEE_MAIN', 'OBC', 2023, NULL, NULL, 95.3, false) ON CONFLICT (id) DO NOTHING;
INSERT INTO cutoffs (id, branch_id, exam_name, category, year, cutoff_marks, cutoff_rank, cutoff_percentile, home_state_advantage) VALUES ('iiit_gwalior_cse_jmain_gen_2024', 'iiit_gwalior_cse', 'JEE_MAIN', 'GEN', 2024, NULL, NULL, 97.5, false) ON CONFLICT (id) DO NOTHING;
INSERT INTO cutoffs (id, branch_id, exam_name, category, year, cutoff_marks, cutoff_rank, cutoff_percentile, home_state_advantage) VALUES ('iiit_gwalior_cse_jmain_gen_2023', 'iiit_gwalior_cse', 'JEE_MAIN', 'GEN', 2023, NULL, NULL, 97.3, false) ON CONFLICT (id) DO NOTHING;
INSERT INTO cutoffs (id, branch_id, exam_name, category, year, cutoff_marks, cutoff_rank, cutoff_percentile, home_state_advantage) VALUES ('iiit_gwalior_cse_jmain_obc_2024', 'iiit_gwalior_cse', 'JEE_MAIN', 'OBC', 2024, NULL, NULL, 96, false) ON CONFLICT (id) DO NOTHING;
INSERT INTO cutoffs (id, branch_id, exam_name, category, year, cutoff_marks, cutoff_rank, cutoff_percentile, home_state_advantage) VALUES ('iiit_gwalior_cse_jmain_obc_2023', 'iiit_gwalior_cse', 'JEE_MAIN', 'OBC', 2023, NULL, NULL, 95.8, false) ON CONFLICT (id) DO NOTHING;
INSERT INTO cutoffs (id, branch_id, exam_name, category, year, cutoff_marks, cutoff_rank, cutoff_percentile, home_state_advantage) VALUES ('iiit_gwalior_ece_jmain_gen_2024', 'iiit_gwalior_ece', 'JEE_MAIN', 'GEN', 2024, NULL, NULL, 96, false) ON CONFLICT (id) DO NOTHING;
INSERT INTO cutoffs (id, branch_id, exam_name, category, year, cutoff_marks, cutoff_rank, cutoff_percentile, home_state_advantage) VALUES ('iiit_gwalior_ece_jmain_gen_2023', 'iiit_gwalior_ece', 'JEE_MAIN', 'GEN', 2023, NULL, NULL, 95.8, false) ON CONFLICT (id) DO NOTHING;
INSERT INTO cutoffs (id, branch_id, exam_name, category, year, cutoff_marks, cutoff_rank, cutoff_percentile, home_state_advantage) VALUES ('iiit_gwalior_ece_jmain_obc_2024', 'iiit_gwalior_ece', 'JEE_MAIN', 'OBC', 2024, NULL, NULL, 94.2, false) ON CONFLICT (id) DO NOTHING;
INSERT INTO cutoffs (id, branch_id, exam_name, category, year, cutoff_marks, cutoff_rank, cutoff_percentile, home_state_advantage) VALUES ('iiit_gwalior_ece_jmain_obc_2023', 'iiit_gwalior_ece', 'JEE_MAIN', 'OBC', 2023, NULL, NULL, 94, false) ON CONFLICT (id) DO NOTHING;
INSERT INTO cutoffs (id, branch_id, exam_name, category, year, cutoff_marks, cutoff_rank, cutoff_percentile, home_state_advantage) VALUES ('iiit_gwalior_it_jmain_gen_2024', 'iiit_gwalior_it', 'JEE_MAIN', 'GEN', 2024, NULL, NULL, 96.8, false) ON CONFLICT (id) DO NOTHING;
INSERT INTO cutoffs (id, branch_id, exam_name, category, year, cutoff_marks, cutoff_rank, cutoff_percentile, home_state_advantage) VALUES ('iiit_gwalior_it_jmain_gen_2023', 'iiit_gwalior_it', 'JEE_MAIN', 'GEN', 2023, NULL, NULL, 96.6, false) ON CONFLICT (id) DO NOTHING;
INSERT INTO cutoffs (id, branch_id, exam_name, category, year, cutoff_marks, cutoff_rank, cutoff_percentile, home_state_advantage) VALUES ('iiit_gwalior_it_jmain_obc_2024', 'iiit_gwalior_it', 'JEE_MAIN', 'OBC', 2024, NULL, NULL, 95, false) ON CONFLICT (id) DO NOTHING;
INSERT INTO cutoffs (id, branch_id, exam_name, category, year, cutoff_marks, cutoff_rank, cutoff_percentile, home_state_advantage) VALUES ('iiit_gwalior_it_jmain_obc_2023', 'iiit_gwalior_it', 'JEE_MAIN', 'OBC', 2023, NULL, NULL, 94.8, false) ON CONFLICT (id) DO NOTHING;
INSERT INTO cutoffs (id, branch_id, exam_name, category, year, cutoff_marks, cutoff_rank, cutoff_percentile, home_state_advantage) VALUES ('bits_pilani_cse_bits_gen_2024', 'bits_pilani_cse', 'BITSAT', 'GEN', 2024, 390, NULL, NULL, false) ON CONFLICT (id) DO NOTHING;
INSERT INTO cutoffs (id, branch_id, exam_name, category, year, cutoff_marks, cutoff_rank, cutoff_percentile, home_state_advantage) VALUES ('bits_pilani_cse_bits_gen_2023', 'bits_pilani_cse', 'BITSAT', 'GEN', 2023, 385, NULL, NULL, false) ON CONFLICT (id) DO NOTHING;
INSERT INTO cutoffs (id, branch_id, exam_name, category, year, cutoff_marks, cutoff_rank, cutoff_percentile, home_state_advantage) VALUES ('bits_pilani_cse_bits_obc_2024', 'bits_pilani_cse', 'BITSAT', 'OBC', 2024, 390, NULL, NULL, false) ON CONFLICT (id) DO NOTHING;
INSERT INTO cutoffs (id, branch_id, exam_name, category, year, cutoff_marks, cutoff_rank, cutoff_percentile, home_state_advantage) VALUES ('bits_pilani_cse_bits_obc_2023', 'bits_pilani_cse', 'BITSAT', 'OBC', 2023, 385, NULL, NULL, false) ON CONFLICT (id) DO NOTHING;
INSERT INTO cutoffs (id, branch_id, exam_name, category, year, cutoff_marks, cutoff_rank, cutoff_percentile, home_state_advantage) VALUES ('bits_pilani_ei_bits_gen_2024', 'bits_pilani_ei', 'BITSAT', 'GEN', 2024, 330, NULL, NULL, false) ON CONFLICT (id) DO NOTHING;
INSERT INTO cutoffs (id, branch_id, exam_name, category, year, cutoff_marks, cutoff_rank, cutoff_percentile, home_state_advantage) VALUES ('bits_pilani_ei_bits_gen_2023', 'bits_pilani_ei', 'BITSAT', 'GEN', 2023, 325, NULL, NULL, false) ON CONFLICT (id) DO NOTHING;
INSERT INTO cutoffs (id, branch_id, exam_name, category, year, cutoff_marks, cutoff_rank, cutoff_percentile, home_state_advantage) VALUES ('bits_pilani_ei_bits_obc_2024', 'bits_pilani_ei', 'BITSAT', 'OBC', 2024, 330, NULL, NULL, false) ON CONFLICT (id) DO NOTHING;
INSERT INTO cutoffs (id, branch_id, exam_name, category, year, cutoff_marks, cutoff_rank, cutoff_percentile, home_state_advantage) VALUES ('bits_pilani_ei_bits_obc_2023', 'bits_pilani_ei', 'BITSAT', 'OBC', 2023, 325, NULL, NULL, false) ON CONFLICT (id) DO NOTHING;
INSERT INTO cutoffs (id, branch_id, exam_name, category, year, cutoff_marks, cutoff_rank, cutoff_percentile, home_state_advantage) VALUES ('bits_pilani_me_bits_gen_2024', 'bits_pilani_me', 'BITSAT', 'GEN', 2024, 310, NULL, NULL, false) ON CONFLICT (id) DO NOTHING;
INSERT INTO cutoffs (id, branch_id, exam_name, category, year, cutoff_marks, cutoff_rank, cutoff_percentile, home_state_advantage) VALUES ('bits_pilani_me_bits_gen_2023', 'bits_pilani_me', 'BITSAT', 'GEN', 2023, 305, NULL, NULL, false) ON CONFLICT (id) DO NOTHING;
INSERT INTO cutoffs (id, branch_id, exam_name, category, year, cutoff_marks, cutoff_rank, cutoff_percentile, home_state_advantage) VALUES ('bits_pilani_me_bits_obc_2024', 'bits_pilani_me', 'BITSAT', 'OBC', 2024, 310, NULL, NULL, false) ON CONFLICT (id) DO NOTHING;
INSERT INTO cutoffs (id, branch_id, exam_name, category, year, cutoff_marks, cutoff_rank, cutoff_percentile, home_state_advantage) VALUES ('bits_pilani_me_bits_obc_2023', 'bits_pilani_me', 'BITSAT', 'OBC', 2023, 305, NULL, NULL, false) ON CONFLICT (id) DO NOTHING;
INSERT INTO cutoffs (id, branch_id, exam_name, category, year, cutoff_marks, cutoff_rank, cutoff_percentile, home_state_advantage) VALUES ('bits_goa_cse_bits_gen_2024', 'bits_goa_cse', 'BITSAT', 'GEN', 2024, 375, NULL, NULL, false) ON CONFLICT (id) DO NOTHING;
INSERT INTO cutoffs (id, branch_id, exam_name, category, year, cutoff_marks, cutoff_rank, cutoff_percentile, home_state_advantage) VALUES ('bits_goa_cse_bits_gen_2023', 'bits_goa_cse', 'BITSAT', 'GEN', 2023, 370, NULL, NULL, false) ON CONFLICT (id) DO NOTHING;
INSERT INTO cutoffs (id, branch_id, exam_name, category, year, cutoff_marks, cutoff_rank, cutoff_percentile, home_state_advantage) VALUES ('bits_goa_cse_bits_obc_2024', 'bits_goa_cse', 'BITSAT', 'OBC', 2024, 375, NULL, NULL, false) ON CONFLICT (id) DO NOTHING;
INSERT INTO cutoffs (id, branch_id, exam_name, category, year, cutoff_marks, cutoff_rank, cutoff_percentile, home_state_advantage) VALUES ('bits_goa_cse_bits_obc_2023', 'bits_goa_cse', 'BITSAT', 'OBC', 2023, 370, NULL, NULL, false) ON CONFLICT (id) DO NOTHING;
INSERT INTO cutoffs (id, branch_id, exam_name, category, year, cutoff_marks, cutoff_rank, cutoff_percentile, home_state_advantage) VALUES ('bits_goa_ei_bits_gen_2024', 'bits_goa_ei', 'BITSAT', 'GEN', 2024, 315, NULL, NULL, false) ON CONFLICT (id) DO NOTHING;
INSERT INTO cutoffs (id, branch_id, exam_name, category, year, cutoff_marks, cutoff_rank, cutoff_percentile, home_state_advantage) VALUES ('bits_goa_ei_bits_gen_2023', 'bits_goa_ei', 'BITSAT', 'GEN', 2023, 310, NULL, NULL, false) ON CONFLICT (id) DO NOTHING;
INSERT INTO cutoffs (id, branch_id, exam_name, category, year, cutoff_marks, cutoff_rank, cutoff_percentile, home_state_advantage) VALUES ('bits_goa_ei_bits_obc_2024', 'bits_goa_ei', 'BITSAT', 'OBC', 2024, 315, NULL, NULL, false) ON CONFLICT (id) DO NOTHING;
INSERT INTO cutoffs (id, branch_id, exam_name, category, year, cutoff_marks, cutoff_rank, cutoff_percentile, home_state_advantage) VALUES ('bits_goa_ei_bits_obc_2023', 'bits_goa_ei', 'BITSAT', 'OBC', 2023, 310, NULL, NULL, false) ON CONFLICT (id) DO NOTHING;
INSERT INTO cutoffs (id, branch_id, exam_name, category, year, cutoff_marks, cutoff_rank, cutoff_percentile, home_state_advantage) VALUES ('bits_goa_me_bits_gen_2024', 'bits_goa_me', 'BITSAT', 'GEN', 2024, 295, NULL, NULL, false) ON CONFLICT (id) DO NOTHING;
INSERT INTO cutoffs (id, branch_id, exam_name, category, year, cutoff_marks, cutoff_rank, cutoff_percentile, home_state_advantage) VALUES ('bits_goa_me_bits_gen_2023', 'bits_goa_me', 'BITSAT', 'GEN', 2023, 290, NULL, NULL, false) ON CONFLICT (id) DO NOTHING;
INSERT INTO cutoffs (id, branch_id, exam_name, category, year, cutoff_marks, cutoff_rank, cutoff_percentile, home_state_advantage) VALUES ('bits_goa_me_bits_obc_2024', 'bits_goa_me', 'BITSAT', 'OBC', 2024, 295, NULL, NULL, false) ON CONFLICT (id) DO NOTHING;
INSERT INTO cutoffs (id, branch_id, exam_name, category, year, cutoff_marks, cutoff_rank, cutoff_percentile, home_state_advantage) VALUES ('bits_goa_me_bits_obc_2023', 'bits_goa_me', 'BITSAT', 'OBC', 2023, 290, NULL, NULL, false) ON CONFLICT (id) DO NOTHING;
INSERT INTO cutoffs (id, branch_id, exam_name, category, year, cutoff_marks, cutoff_rank, cutoff_percentile, home_state_advantage) VALUES ('bits_hyderabad_cse_bits_gen_2024', 'bits_hyderabad_cse', 'BITSAT', 'GEN', 2024, 360, NULL, NULL, false) ON CONFLICT (id) DO NOTHING;
INSERT INTO cutoffs (id, branch_id, exam_name, category, year, cutoff_marks, cutoff_rank, cutoff_percentile, home_state_advantage) VALUES ('bits_hyderabad_cse_bits_gen_2023', 'bits_hyderabad_cse', 'BITSAT', 'GEN', 2023, 355, NULL, NULL, false) ON CONFLICT (id) DO NOTHING;
INSERT INTO cutoffs (id, branch_id, exam_name, category, year, cutoff_marks, cutoff_rank, cutoff_percentile, home_state_advantage) VALUES ('bits_hyderabad_cse_bits_obc_2024', 'bits_hyderabad_cse', 'BITSAT', 'OBC', 2024, 360, NULL, NULL, false) ON CONFLICT (id) DO NOTHING;
INSERT INTO cutoffs (id, branch_id, exam_name, category, year, cutoff_marks, cutoff_rank, cutoff_percentile, home_state_advantage) VALUES ('bits_hyderabad_cse_bits_obc_2023', 'bits_hyderabad_cse', 'BITSAT', 'OBC', 2023, 355, NULL, NULL, false) ON CONFLICT (id) DO NOTHING;
INSERT INTO cutoffs (id, branch_id, exam_name, category, year, cutoff_marks, cutoff_rank, cutoff_percentile, home_state_advantage) VALUES ('bits_hyderabad_ei_bits_gen_2024', 'bits_hyderabad_ei', 'BITSAT', 'GEN', 2024, 300, NULL, NULL, false) ON CONFLICT (id) DO NOTHING;
INSERT INTO cutoffs (id, branch_id, exam_name, category, year, cutoff_marks, cutoff_rank, cutoff_percentile, home_state_advantage) VALUES ('bits_hyderabad_ei_bits_gen_2023', 'bits_hyderabad_ei', 'BITSAT', 'GEN', 2023, 295, NULL, NULL, false) ON CONFLICT (id) DO NOTHING;
INSERT INTO cutoffs (id, branch_id, exam_name, category, year, cutoff_marks, cutoff_rank, cutoff_percentile, home_state_advantage) VALUES ('bits_hyderabad_ei_bits_obc_2024', 'bits_hyderabad_ei', 'BITSAT', 'OBC', 2024, 300, NULL, NULL, false) ON CONFLICT (id) DO NOTHING;
INSERT INTO cutoffs (id, branch_id, exam_name, category, year, cutoff_marks, cutoff_rank, cutoff_percentile, home_state_advantage) VALUES ('bits_hyderabad_ei_bits_obc_2023', 'bits_hyderabad_ei', 'BITSAT', 'OBC', 2023, 295, NULL, NULL, false) ON CONFLICT (id) DO NOTHING;
INSERT INTO cutoffs (id, branch_id, exam_name, category, year, cutoff_marks, cutoff_rank, cutoff_percentile, home_state_advantage) VALUES ('bits_hyderabad_me_bits_gen_2024', 'bits_hyderabad_me', 'BITSAT', 'GEN', 2024, 280, NULL, NULL, false) ON CONFLICT (id) DO NOTHING;
INSERT INTO cutoffs (id, branch_id, exam_name, category, year, cutoff_marks, cutoff_rank, cutoff_percentile, home_state_advantage) VALUES ('bits_hyderabad_me_bits_gen_2023', 'bits_hyderabad_me', 'BITSAT', 'GEN', 2023, 275, NULL, NULL, false) ON CONFLICT (id) DO NOTHING;
INSERT INTO cutoffs (id, branch_id, exam_name, category, year, cutoff_marks, cutoff_rank, cutoff_percentile, home_state_advantage) VALUES ('bits_hyderabad_me_bits_obc_2024', 'bits_hyderabad_me', 'BITSAT', 'OBC', 2024, 280, NULL, NULL, false) ON CONFLICT (id) DO NOTHING;
INSERT INTO cutoffs (id, branch_id, exam_name, category, year, cutoff_marks, cutoff_rank, cutoff_percentile, home_state_advantage) VALUES ('bits_hyderabad_me_bits_obc_2023', 'bits_hyderabad_me', 'BITSAT', 'OBC', 2023, 275, NULL, NULL, false) ON CONFLICT (id) DO NOTHING;
INSERT INTO cutoffs (id, branch_id, exam_name, category, year, cutoff_marks, cutoff_rank, cutoff_percentile, home_state_advantage) VALUES ('coep_pune_cse_mht_gen_2024', 'coep_pune_cse', 'MHT_CET', 'GEN', 2024, NULL, NULL, 99.8, true) ON CONFLICT (id) DO NOTHING;
INSERT INTO cutoffs (id, branch_id, exam_name, category, year, cutoff_marks, cutoff_rank, cutoff_percentile, home_state_advantage) VALUES ('coep_pune_cse_mht_gen_2023', 'coep_pune_cse', 'MHT_CET', 'GEN', 2023, NULL, NULL, 99.5, true) ON CONFLICT (id) DO NOTHING;
INSERT INTO cutoffs (id, branch_id, exam_name, category, year, cutoff_marks, cutoff_rank, cutoff_percentile, home_state_advantage) VALUES ('coep_pune_cse_mht_obc_2024', 'coep_pune_cse', 'MHT_CET', 'OBC', 2024, NULL, NULL, 99.2, true) ON CONFLICT (id) DO NOTHING;
INSERT INTO cutoffs (id, branch_id, exam_name, category, year, cutoff_marks, cutoff_rank, cutoff_percentile, home_state_advantage) VALUES ('coep_pune_cse_mht_obc_2023', 'coep_pune_cse', 'MHT_CET', 'OBC', 2023, NULL, NULL, 98.9, true) ON CONFLICT (id) DO NOTHING;
INSERT INTO cutoffs (id, branch_id, exam_name, category, year, cutoff_marks, cutoff_rank, cutoff_percentile, home_state_advantage) VALUES ('coep_pune_et_mht_gen_2024', 'coep_pune_et', 'MHT_CET', 'GEN', 2024, NULL, NULL, 99.2, true) ON CONFLICT (id) DO NOTHING;
INSERT INTO cutoffs (id, branch_id, exam_name, category, year, cutoff_marks, cutoff_rank, cutoff_percentile, home_state_advantage) VALUES ('coep_pune_et_mht_gen_2023', 'coep_pune_et', 'MHT_CET', 'GEN', 2023, NULL, NULL, 98.9, true) ON CONFLICT (id) DO NOTHING;
INSERT INTO cutoffs (id, branch_id, exam_name, category, year, cutoff_marks, cutoff_rank, cutoff_percentile, home_state_advantage) VALUES ('coep_pune_et_mht_obc_2024', 'coep_pune_et', 'MHT_CET', 'OBC', 2024, NULL, NULL, 98.5, true) ON CONFLICT (id) DO NOTHING;
INSERT INTO cutoffs (id, branch_id, exam_name, category, year, cutoff_marks, cutoff_rank, cutoff_percentile, home_state_advantage) VALUES ('coep_pune_et_mht_obc_2023', 'coep_pune_et', 'MHT_CET', 'OBC', 2023, NULL, NULL, 98.2, true) ON CONFLICT (id) DO NOTHING;
INSERT INTO cutoffs (id, branch_id, exam_name, category, year, cutoff_marks, cutoff_rank, cutoff_percentile, home_state_advantage) VALUES ('coep_pune_me_mht_gen_2024', 'coep_pune_me', 'MHT_CET', 'GEN', 2024, NULL, NULL, 98.5, true) ON CONFLICT (id) DO NOTHING;
INSERT INTO cutoffs (id, branch_id, exam_name, category, year, cutoff_marks, cutoff_rank, cutoff_percentile, home_state_advantage) VALUES ('coep_pune_me_mht_gen_2023', 'coep_pune_me', 'MHT_CET', 'GEN', 2023, NULL, NULL, 98.2, true) ON CONFLICT (id) DO NOTHING;
INSERT INTO cutoffs (id, branch_id, exam_name, category, year, cutoff_marks, cutoff_rank, cutoff_percentile, home_state_advantage) VALUES ('coep_pune_me_mht_obc_2024', 'coep_pune_me', 'MHT_CET', 'OBC', 2024, NULL, NULL, 97.8, true) ON CONFLICT (id) DO NOTHING;
INSERT INTO cutoffs (id, branch_id, exam_name, category, year, cutoff_marks, cutoff_rank, cutoff_percentile, home_state_advantage) VALUES ('coep_pune_me_mht_obc_2023', 'coep_pune_me', 'MHT_CET', 'OBC', 2023, NULL, NULL, 97.5, true) ON CONFLICT (id) DO NOTHING;
INSERT INTO cutoffs (id, branch_id, exam_name, category, year, cutoff_marks, cutoff_rank, cutoff_percentile, home_state_advantage) VALUES ('vjti_mumbai_cse_mht_gen_2024', 'vjti_mumbai_cse', 'MHT_CET', 'GEN', 2024, NULL, NULL, 99.7, true) ON CONFLICT (id) DO NOTHING;
INSERT INTO cutoffs (id, branch_id, exam_name, category, year, cutoff_marks, cutoff_rank, cutoff_percentile, home_state_advantage) VALUES ('vjti_mumbai_cse_mht_gen_2023', 'vjti_mumbai_cse', 'MHT_CET', 'GEN', 2023, NULL, NULL, 99.4, true) ON CONFLICT (id) DO NOTHING;
INSERT INTO cutoffs (id, branch_id, exam_name, category, year, cutoff_marks, cutoff_rank, cutoff_percentile, home_state_advantage) VALUES ('vjti_mumbai_cse_mht_obc_2024', 'vjti_mumbai_cse', 'MHT_CET', 'OBC', 2024, NULL, NULL, 99, true) ON CONFLICT (id) DO NOTHING;
INSERT INTO cutoffs (id, branch_id, exam_name, category, year, cutoff_marks, cutoff_rank, cutoff_percentile, home_state_advantage) VALUES ('vjti_mumbai_cse_mht_obc_2023', 'vjti_mumbai_cse', 'MHT_CET', 'OBC', 2023, NULL, NULL, 98.7, true) ON CONFLICT (id) DO NOTHING;
INSERT INTO cutoffs (id, branch_id, exam_name, category, year, cutoff_marks, cutoff_rank, cutoff_percentile, home_state_advantage) VALUES ('vjti_mumbai_et_mht_gen_2024', 'vjti_mumbai_et', 'MHT_CET', 'GEN', 2024, NULL, NULL, 99, true) ON CONFLICT (id) DO NOTHING;
INSERT INTO cutoffs (id, branch_id, exam_name, category, year, cutoff_marks, cutoff_rank, cutoff_percentile, home_state_advantage) VALUES ('vjti_mumbai_et_mht_gen_2023', 'vjti_mumbai_et', 'MHT_CET', 'GEN', 2023, NULL, NULL, 98.7, true) ON CONFLICT (id) DO NOTHING;
INSERT INTO cutoffs (id, branch_id, exam_name, category, year, cutoff_marks, cutoff_rank, cutoff_percentile, home_state_advantage) VALUES ('vjti_mumbai_et_mht_obc_2024', 'vjti_mumbai_et', 'MHT_CET', 'OBC', 2024, NULL, NULL, 98.2, true) ON CONFLICT (id) DO NOTHING;
INSERT INTO cutoffs (id, branch_id, exam_name, category, year, cutoff_marks, cutoff_rank, cutoff_percentile, home_state_advantage) VALUES ('vjti_mumbai_et_mht_obc_2023', 'vjti_mumbai_et', 'MHT_CET', 'OBC', 2023, NULL, NULL, 97.9, true) ON CONFLICT (id) DO NOTHING;
INSERT INTO cutoffs (id, branch_id, exam_name, category, year, cutoff_marks, cutoff_rank, cutoff_percentile, home_state_advantage) VALUES ('vjti_mumbai_me_mht_gen_2024', 'vjti_mumbai_me', 'MHT_CET', 'GEN', 2024, NULL, NULL, 98, true) ON CONFLICT (id) DO NOTHING;
INSERT INTO cutoffs (id, branch_id, exam_name, category, year, cutoff_marks, cutoff_rank, cutoff_percentile, home_state_advantage) VALUES ('vjti_mumbai_me_mht_gen_2023', 'vjti_mumbai_me', 'MHT_CET', 'GEN', 2023, NULL, NULL, 97.7, true) ON CONFLICT (id) DO NOTHING;
INSERT INTO cutoffs (id, branch_id, exam_name, category, year, cutoff_marks, cutoff_rank, cutoff_percentile, home_state_advantage) VALUES ('vjti_mumbai_me_mht_obc_2024', 'vjti_mumbai_me', 'MHT_CET', 'OBC', 2024, NULL, NULL, 97, true) ON CONFLICT (id) DO NOTHING;
INSERT INTO cutoffs (id, branch_id, exam_name, category, year, cutoff_marks, cutoff_rank, cutoff_percentile, home_state_advantage) VALUES ('vjti_mumbai_me_mht_obc_2023', 'vjti_mumbai_me', 'MHT_CET', 'OBC', 2023, NULL, NULL, 96.7, true) ON CONFLICT (id) DO NOTHING;
INSERT INTO cutoffs (id, branch_id, exam_name, category, year, cutoff_marks, cutoff_rank, cutoff_percentile, home_state_advantage) VALUES ('pict_pune_cse_mht_gen_2024', 'pict_pune_cse', 'MHT_CET', 'GEN', 2024, NULL, NULL, 99.5, true) ON CONFLICT (id) DO NOTHING;
INSERT INTO cutoffs (id, branch_id, exam_name, category, year, cutoff_marks, cutoff_rank, cutoff_percentile, home_state_advantage) VALUES ('pict_pune_cse_mht_gen_2023', 'pict_pune_cse', 'MHT_CET', 'GEN', 2023, NULL, NULL, 99.2, true) ON CONFLICT (id) DO NOTHING;
INSERT INTO cutoffs (id, branch_id, exam_name, category, year, cutoff_marks, cutoff_rank, cutoff_percentile, home_state_advantage) VALUES ('pict_pune_cse_mht_obc_2024', 'pict_pune_cse', 'MHT_CET', 'OBC', 2024, NULL, NULL, 98.5, true) ON CONFLICT (id) DO NOTHING;
INSERT INTO cutoffs (id, branch_id, exam_name, category, year, cutoff_marks, cutoff_rank, cutoff_percentile, home_state_advantage) VALUES ('pict_pune_cse_mht_obc_2023', 'pict_pune_cse', 'MHT_CET', 'OBC', 2023, NULL, NULL, 98.2, true) ON CONFLICT (id) DO NOTHING;
INSERT INTO cutoffs (id, branch_id, exam_name, category, year, cutoff_marks, cutoff_rank, cutoff_percentile, home_state_advantage) VALUES ('pict_pune_et_mht_gen_2024', 'pict_pune_et', 'MHT_CET', 'GEN', 2024, NULL, NULL, 98.5, true) ON CONFLICT (id) DO NOTHING;
INSERT INTO cutoffs (id, branch_id, exam_name, category, year, cutoff_marks, cutoff_rank, cutoff_percentile, home_state_advantage) VALUES ('pict_pune_et_mht_gen_2023', 'pict_pune_et', 'MHT_CET', 'GEN', 2023, NULL, NULL, 98.2, true) ON CONFLICT (id) DO NOTHING;
INSERT INTO cutoffs (id, branch_id, exam_name, category, year, cutoff_marks, cutoff_rank, cutoff_percentile, home_state_advantage) VALUES ('pict_pune_et_mht_obc_2024', 'pict_pune_et', 'MHT_CET', 'OBC', 2024, NULL, NULL, 97.5, true) ON CONFLICT (id) DO NOTHING;
INSERT INTO cutoffs (id, branch_id, exam_name, category, year, cutoff_marks, cutoff_rank, cutoff_percentile, home_state_advantage) VALUES ('pict_pune_et_mht_obc_2023', 'pict_pune_et', 'MHT_CET', 'OBC', 2023, NULL, NULL, 97.2, true) ON CONFLICT (id) DO NOTHING;
INSERT INTO cutoffs (id, branch_id, exam_name, category, year, cutoff_marks, cutoff_rank, cutoff_percentile, home_state_advantage) VALUES ('pict_pune_me_mht_gen_2024', 'pict_pune_me', 'MHT_CET', 'GEN', 2024, NULL, NULL, 97, true) ON CONFLICT (id) DO NOTHING;
INSERT INTO cutoffs (id, branch_id, exam_name, category, year, cutoff_marks, cutoff_rank, cutoff_percentile, home_state_advantage) VALUES ('pict_pune_me_mht_gen_2023', 'pict_pune_me', 'MHT_CET', 'GEN', 2023, NULL, NULL, 96.7, true) ON CONFLICT (id) DO NOTHING;
INSERT INTO cutoffs (id, branch_id, exam_name, category, year, cutoff_marks, cutoff_rank, cutoff_percentile, home_state_advantage) VALUES ('pict_pune_me_mht_obc_2024', 'pict_pune_me', 'MHT_CET', 'OBC', 2024, NULL, NULL, 95.5, true) ON CONFLICT (id) DO NOTHING;
INSERT INTO cutoffs (id, branch_id, exam_name, category, year, cutoff_marks, cutoff_rank, cutoff_percentile, home_state_advantage) VALUES ('pict_pune_me_mht_obc_2023', 'pict_pune_me', 'MHT_CET', 'OBC', 2023, NULL, NULL, 95.2, true) ON CONFLICT (id) DO NOTHING;
INSERT INTO cutoffs (id, branch_id, exam_name, category, year, cutoff_marks, cutoff_rank, cutoff_percentile, home_state_advantage) VALUES ('vit_vellore_cse_vit_gen_2024', 'vit_vellore_cse', 'VITEEE', 'GEN', 2024, NULL, 2000, NULL, false) ON CONFLICT (id) DO NOTHING;
INSERT INTO cutoffs (id, branch_id, exam_name, category, year, cutoff_marks, cutoff_rank, cutoff_percentile, home_state_advantage) VALUES ('vit_vellore_cse_vit_gen_2023', 'vit_vellore_cse', 'VITEEE', 'GEN', 2023, NULL, 2200, NULL, false) ON CONFLICT (id) DO NOTHING;
INSERT INTO cutoffs (id, branch_id, exam_name, category, year, cutoff_marks, cutoff_rank, cutoff_percentile, home_state_advantage) VALUES ('vit_vellore_cse_vit_obc_2024', 'vit_vellore_cse', 'VITEEE', 'OBC', 2024, NULL, 2000, NULL, false) ON CONFLICT (id) DO NOTHING;
INSERT INTO cutoffs (id, branch_id, exam_name, category, year, cutoff_marks, cutoff_rank, cutoff_percentile, home_state_advantage) VALUES ('vit_vellore_cse_vit_obc_2023', 'vit_vellore_cse', 'VITEEE', 'OBC', 2023, NULL, 2200, NULL, false) ON CONFLICT (id) DO NOTHING;
INSERT INTO cutoffs (id, branch_id, exam_name, category, year, cutoff_marks, cutoff_rank, cutoff_percentile, home_state_advantage) VALUES ('vit_vellore_ece_vit_gen_2024', 'vit_vellore_ece', 'VITEEE', 'GEN', 2024, NULL, 8000, NULL, false) ON CONFLICT (id) DO NOTHING;
INSERT INTO cutoffs (id, branch_id, exam_name, category, year, cutoff_marks, cutoff_rank, cutoff_percentile, home_state_advantage) VALUES ('vit_vellore_ece_vit_gen_2023', 'vit_vellore_ece', 'VITEEE', 'GEN', 2023, NULL, 8800, NULL, false) ON CONFLICT (id) DO NOTHING;
INSERT INTO cutoffs (id, branch_id, exam_name, category, year, cutoff_marks, cutoff_rank, cutoff_percentile, home_state_advantage) VALUES ('vit_vellore_ece_vit_obc_2024', 'vit_vellore_ece', 'VITEEE', 'OBC', 2024, NULL, 8000, NULL, false) ON CONFLICT (id) DO NOTHING;
INSERT INTO cutoffs (id, branch_id, exam_name, category, year, cutoff_marks, cutoff_rank, cutoff_percentile, home_state_advantage) VALUES ('vit_vellore_ece_vit_obc_2023', 'vit_vellore_ece', 'VITEEE', 'OBC', 2023, NULL, 8800, NULL, false) ON CONFLICT (id) DO NOTHING;
INSERT INTO cutoffs (id, branch_id, exam_name, category, year, cutoff_marks, cutoff_rank, cutoff_percentile, home_state_advantage) VALUES ('vit_vellore_me_vit_gen_2024', 'vit_vellore_me', 'VITEEE', 'GEN', 2024, NULL, 20000, NULL, false) ON CONFLICT (id) DO NOTHING;
INSERT INTO cutoffs (id, branch_id, exam_name, category, year, cutoff_marks, cutoff_rank, cutoff_percentile, home_state_advantage) VALUES ('vit_vellore_me_vit_gen_2023', 'vit_vellore_me', 'VITEEE', 'GEN', 2023, NULL, 22000, NULL, false) ON CONFLICT (id) DO NOTHING;
INSERT INTO cutoffs (id, branch_id, exam_name, category, year, cutoff_marks, cutoff_rank, cutoff_percentile, home_state_advantage) VALUES ('vit_vellore_me_vit_obc_2024', 'vit_vellore_me', 'VITEEE', 'OBC', 2024, NULL, 20000, NULL, false) ON CONFLICT (id) DO NOTHING;
INSERT INTO cutoffs (id, branch_id, exam_name, category, year, cutoff_marks, cutoff_rank, cutoff_percentile, home_state_advantage) VALUES ('vit_vellore_me_vit_obc_2023', 'vit_vellore_me', 'VITEEE', 'OBC', 2023, NULL, 22000, NULL, false) ON CONFLICT (id) DO NOTHING;
INSERT INTO cutoffs (id, branch_id, exam_name, category, year, cutoff_marks, cutoff_rank, cutoff_percentile, home_state_advantage) VALUES ('vit_chennai_cse_vit_gen_2024', 'vit_chennai_cse', 'VITEEE', 'GEN', 2024, NULL, 4000, NULL, false) ON CONFLICT (id) DO NOTHING;
INSERT INTO cutoffs (id, branch_id, exam_name, category, year, cutoff_marks, cutoff_rank, cutoff_percentile, home_state_advantage) VALUES ('vit_chennai_cse_vit_gen_2023', 'vit_chennai_cse', 'VITEEE', 'GEN', 2023, NULL, 4400, NULL, false) ON CONFLICT (id) DO NOTHING;
INSERT INTO cutoffs (id, branch_id, exam_name, category, year, cutoff_marks, cutoff_rank, cutoff_percentile, home_state_advantage) VALUES ('vit_chennai_cse_vit_obc_2024', 'vit_chennai_cse', 'VITEEE', 'OBC', 2024, NULL, 4000, NULL, false) ON CONFLICT (id) DO NOTHING;
INSERT INTO cutoffs (id, branch_id, exam_name, category, year, cutoff_marks, cutoff_rank, cutoff_percentile, home_state_advantage) VALUES ('vit_chennai_cse_vit_obc_2023', 'vit_chennai_cse', 'VITEEE', 'OBC', 2023, NULL, 4400, NULL, false) ON CONFLICT (id) DO NOTHING;
INSERT INTO cutoffs (id, branch_id, exam_name, category, year, cutoff_marks, cutoff_rank, cutoff_percentile, home_state_advantage) VALUES ('vit_chennai_ece_vit_gen_2024', 'vit_chennai_ece', 'VITEEE', 'GEN', 2024, NULL, 12000, NULL, false) ON CONFLICT (id) DO NOTHING;
INSERT INTO cutoffs (id, branch_id, exam_name, category, year, cutoff_marks, cutoff_rank, cutoff_percentile, home_state_advantage) VALUES ('vit_chennai_ece_vit_gen_2023', 'vit_chennai_ece', 'VITEEE', 'GEN', 2023, NULL, 13200, NULL, false) ON CONFLICT (id) DO NOTHING;
INSERT INTO cutoffs (id, branch_id, exam_name, category, year, cutoff_marks, cutoff_rank, cutoff_percentile, home_state_advantage) VALUES ('vit_chennai_ece_vit_obc_2024', 'vit_chennai_ece', 'VITEEE', 'OBC', 2024, NULL, 12000, NULL, false) ON CONFLICT (id) DO NOTHING;
INSERT INTO cutoffs (id, branch_id, exam_name, category, year, cutoff_marks, cutoff_rank, cutoff_percentile, home_state_advantage) VALUES ('vit_chennai_ece_vit_obc_2023', 'vit_chennai_ece', 'VITEEE', 'OBC', 2023, NULL, 13200, NULL, false) ON CONFLICT (id) DO NOTHING;
INSERT INTO cutoffs (id, branch_id, exam_name, category, year, cutoff_marks, cutoff_rank, cutoff_percentile, home_state_advantage) VALUES ('vit_chennai_me_vit_gen_2024', 'vit_chennai_me', 'VITEEE', 'GEN', 2024, NULL, 30000, NULL, false) ON CONFLICT (id) DO NOTHING;
INSERT INTO cutoffs (id, branch_id, exam_name, category, year, cutoff_marks, cutoff_rank, cutoff_percentile, home_state_advantage) VALUES ('vit_chennai_me_vit_gen_2023', 'vit_chennai_me', 'VITEEE', 'GEN', 2023, NULL, 33000, NULL, false) ON CONFLICT (id) DO NOTHING;
INSERT INTO cutoffs (id, branch_id, exam_name, category, year, cutoff_marks, cutoff_rank, cutoff_percentile, home_state_advantage) VALUES ('vit_chennai_me_vit_obc_2024', 'vit_chennai_me', 'VITEEE', 'OBC', 2024, NULL, 30000, NULL, false) ON CONFLICT (id) DO NOTHING;
INSERT INTO cutoffs (id, branch_id, exam_name, category, year, cutoff_marks, cutoff_rank, cutoff_percentile, home_state_advantage) VALUES ('vit_chennai_me_vit_obc_2023', 'vit_chennai_me', 'VITEEE', 'OBC', 2023, NULL, 33000, NULL, false) ON CONFLICT (id) DO NOTHING;
INSERT INTO cutoffs (id, branch_id, exam_name, category, year, cutoff_marks, cutoff_rank, cutoff_percentile, home_state_advantage) VALUES ('rvce_bangalore_cse_kcet_gen_2024', 'rvce_bangalore_cse', 'KCET', 'GEN', 2024, NULL, 800, NULL, true) ON CONFLICT (id) DO NOTHING;
INSERT INTO cutoffs (id, branch_id, exam_name, category, year, cutoff_marks, cutoff_rank, cutoff_percentile, home_state_advantage) VALUES ('rvce_bangalore_cse_kcet_gen_2023', 'rvce_bangalore_cse', 'KCET', 'GEN', 2023, NULL, 880, NULL, true) ON CONFLICT (id) DO NOTHING;
INSERT INTO cutoffs (id, branch_id, exam_name, category, year, cutoff_marks, cutoff_rank, cutoff_percentile, home_state_advantage) VALUES ('rvce_bangalore_cse_kcet_obc_2024', 'rvce_bangalore_cse', 'KCET', 'OBC', 2024, NULL, 1200, NULL, true) ON CONFLICT (id) DO NOTHING;
INSERT INTO cutoffs (id, branch_id, exam_name, category, year, cutoff_marks, cutoff_rank, cutoff_percentile, home_state_advantage) VALUES ('rvce_bangalore_cse_kcet_obc_2023', 'rvce_bangalore_cse', 'KCET', 'OBC', 2023, NULL, 1320, NULL, true) ON CONFLICT (id) DO NOTHING;
INSERT INTO cutoffs (id, branch_id, exam_name, category, year, cutoff_marks, cutoff_rank, cutoff_percentile, home_state_advantage) VALUES ('rvce_bangalore_ece_kcet_gen_2024', 'rvce_bangalore_ece', 'KCET', 'GEN', 2024, NULL, 2500, NULL, true) ON CONFLICT (id) DO NOTHING;
INSERT INTO cutoffs (id, branch_id, exam_name, category, year, cutoff_marks, cutoff_rank, cutoff_percentile, home_state_advantage) VALUES ('rvce_bangalore_ece_kcet_gen_2023', 'rvce_bangalore_ece', 'KCET', 'GEN', 2023, NULL, 2750, NULL, true) ON CONFLICT (id) DO NOTHING;
INSERT INTO cutoffs (id, branch_id, exam_name, category, year, cutoff_marks, cutoff_rank, cutoff_percentile, home_state_advantage) VALUES ('rvce_bangalore_ece_kcet_obc_2024', 'rvce_bangalore_ece', 'KCET', 'OBC', 2024, NULL, 3750, NULL, true) ON CONFLICT (id) DO NOTHING;
INSERT INTO cutoffs (id, branch_id, exam_name, category, year, cutoff_marks, cutoff_rank, cutoff_percentile, home_state_advantage) VALUES ('rvce_bangalore_ece_kcet_obc_2023', 'rvce_bangalore_ece', 'KCET', 'OBC', 2023, NULL, 4125, NULL, true) ON CONFLICT (id) DO NOTHING;
INSERT INTO cutoffs (id, branch_id, exam_name, category, year, cutoff_marks, cutoff_rank, cutoff_percentile, home_state_advantage) VALUES ('rvce_bangalore_me_kcet_gen_2024', 'rvce_bangalore_me', 'KCET', 'GEN', 2024, NULL, 8000, NULL, true) ON CONFLICT (id) DO NOTHING;
INSERT INTO cutoffs (id, branch_id, exam_name, category, year, cutoff_marks, cutoff_rank, cutoff_percentile, home_state_advantage) VALUES ('rvce_bangalore_me_kcet_gen_2023', 'rvce_bangalore_me', 'KCET', 'GEN', 2023, NULL, 8800, NULL, true) ON CONFLICT (id) DO NOTHING;
INSERT INTO cutoffs (id, branch_id, exam_name, category, year, cutoff_marks, cutoff_rank, cutoff_percentile, home_state_advantage) VALUES ('rvce_bangalore_me_kcet_obc_2024', 'rvce_bangalore_me', 'KCET', 'OBC', 2024, NULL, 12000, NULL, true) ON CONFLICT (id) DO NOTHING;
INSERT INTO cutoffs (id, branch_id, exam_name, category, year, cutoff_marks, cutoff_rank, cutoff_percentile, home_state_advantage) VALUES ('rvce_bangalore_me_kcet_obc_2023', 'rvce_bangalore_me', 'KCET', 'OBC', 2023, NULL, 13200, NULL, true) ON CONFLICT (id) DO NOTHING;
INSERT INTO cutoffs (id, branch_id, exam_name, category, year, cutoff_marks, cutoff_rank, cutoff_percentile, home_state_advantage) VALUES ('bmsce_bangalore_cse_kcet_gen_2024', 'bmsce_bangalore_cse', 'KCET', 'GEN', 2024, NULL, 1500, NULL, true) ON CONFLICT (id) DO NOTHING;
INSERT INTO cutoffs (id, branch_id, exam_name, category, year, cutoff_marks, cutoff_rank, cutoff_percentile, home_state_advantage) VALUES ('bmsce_bangalore_cse_kcet_gen_2023', 'bmsce_bangalore_cse', 'KCET', 'GEN', 2023, NULL, 1650, NULL, true) ON CONFLICT (id) DO NOTHING;
INSERT INTO cutoffs (id, branch_id, exam_name, category, year, cutoff_marks, cutoff_rank, cutoff_percentile, home_state_advantage) VALUES ('bmsce_bangalore_cse_kcet_obc_2024', 'bmsce_bangalore_cse', 'KCET', 'OBC', 2024, NULL, 2250, NULL, true) ON CONFLICT (id) DO NOTHING;
INSERT INTO cutoffs (id, branch_id, exam_name, category, year, cutoff_marks, cutoff_rank, cutoff_percentile, home_state_advantage) VALUES ('bmsce_bangalore_cse_kcet_obc_2023', 'bmsce_bangalore_cse', 'KCET', 'OBC', 2023, NULL, 2475, NULL, true) ON CONFLICT (id) DO NOTHING;
INSERT INTO cutoffs (id, branch_id, exam_name, category, year, cutoff_marks, cutoff_rank, cutoff_percentile, home_state_advantage) VALUES ('bmsce_bangalore_ece_kcet_gen_2024', 'bmsce_bangalore_ece', 'KCET', 'GEN', 2024, NULL, 4000, NULL, true) ON CONFLICT (id) DO NOTHING;
INSERT INTO cutoffs (id, branch_id, exam_name, category, year, cutoff_marks, cutoff_rank, cutoff_percentile, home_state_advantage) VALUES ('bmsce_bangalore_ece_kcet_gen_2023', 'bmsce_bangalore_ece', 'KCET', 'GEN', 2023, NULL, 4400, NULL, true) ON CONFLICT (id) DO NOTHING;
INSERT INTO cutoffs (id, branch_id, exam_name, category, year, cutoff_marks, cutoff_rank, cutoff_percentile, home_state_advantage) VALUES ('bmsce_bangalore_ece_kcet_obc_2024', 'bmsce_bangalore_ece', 'KCET', 'OBC', 2024, NULL, 6000, NULL, true) ON CONFLICT (id) DO NOTHING;
INSERT INTO cutoffs (id, branch_id, exam_name, category, year, cutoff_marks, cutoff_rank, cutoff_percentile, home_state_advantage) VALUES ('bmsce_bangalore_ece_kcet_obc_2023', 'bmsce_bangalore_ece', 'KCET', 'OBC', 2023, NULL, 6600, NULL, true) ON CONFLICT (id) DO NOTHING;
INSERT INTO cutoffs (id, branch_id, exam_name, category, year, cutoff_marks, cutoff_rank, cutoff_percentile, home_state_advantage) VALUES ('bmsce_bangalore_me_kcet_gen_2024', 'bmsce_bangalore_me', 'KCET', 'GEN', 2024, NULL, 12000, NULL, true) ON CONFLICT (id) DO NOTHING;
INSERT INTO cutoffs (id, branch_id, exam_name, category, year, cutoff_marks, cutoff_rank, cutoff_percentile, home_state_advantage) VALUES ('bmsce_bangalore_me_kcet_gen_2023', 'bmsce_bangalore_me', 'KCET', 'GEN', 2023, NULL, 13200, NULL, true) ON CONFLICT (id) DO NOTHING;
INSERT INTO cutoffs (id, branch_id, exam_name, category, year, cutoff_marks, cutoff_rank, cutoff_percentile, home_state_advantage) VALUES ('bmsce_bangalore_me_kcet_obc_2024', 'bmsce_bangalore_me', 'KCET', 'OBC', 2024, NULL, 18000, NULL, true) ON CONFLICT (id) DO NOTHING;
INSERT INTO cutoffs (id, branch_id, exam_name, category, year, cutoff_marks, cutoff_rank, cutoff_percentile, home_state_advantage) VALUES ('bmsce_bangalore_me_kcet_obc_2023', 'bmsce_bangalore_me', 'KCET', 'OBC', 2023, NULL, 19800, NULL, true) ON CONFLICT (id) DO NOTHING;
INSERT INTO cutoffs (id, branch_id, exam_name, category, year, cutoff_marks, cutoff_rank, cutoff_percentile, home_state_advantage) VALUES ('pes_bangalore_cse_kcet_gen_2024', 'pes_bangalore_cse', 'KCET', 'GEN', 2024, NULL, 2500, NULL, true) ON CONFLICT (id) DO NOTHING;
INSERT INTO cutoffs (id, branch_id, exam_name, category, year, cutoff_marks, cutoff_rank, cutoff_percentile, home_state_advantage) VALUES ('pes_bangalore_cse_kcet_gen_2023', 'pes_bangalore_cse', 'KCET', 'GEN', 2023, NULL, 2750, NULL, true) ON CONFLICT (id) DO NOTHING;
INSERT INTO cutoffs (id, branch_id, exam_name, category, year, cutoff_marks, cutoff_rank, cutoff_percentile, home_state_advantage) VALUES ('pes_bangalore_cse_kcet_obc_2024', 'pes_bangalore_cse', 'KCET', 'OBC', 2024, NULL, 3750, NULL, true) ON CONFLICT (id) DO NOTHING;
INSERT INTO cutoffs (id, branch_id, exam_name, category, year, cutoff_marks, cutoff_rank, cutoff_percentile, home_state_advantage) VALUES ('pes_bangalore_cse_kcet_obc_2023', 'pes_bangalore_cse', 'KCET', 'OBC', 2023, NULL, 4125, NULL, true) ON CONFLICT (id) DO NOTHING;
INSERT INTO cutoffs (id, branch_id, exam_name, category, year, cutoff_marks, cutoff_rank, cutoff_percentile, home_state_advantage) VALUES ('pes_bangalore_ece_kcet_gen_2024', 'pes_bangalore_ece', 'KCET', 'GEN', 2024, NULL, 6000, NULL, true) ON CONFLICT (id) DO NOTHING;
INSERT INTO cutoffs (id, branch_id, exam_name, category, year, cutoff_marks, cutoff_rank, cutoff_percentile, home_state_advantage) VALUES ('pes_bangalore_ece_kcet_gen_2023', 'pes_bangalore_ece', 'KCET', 'GEN', 2023, NULL, 6600, NULL, true) ON CONFLICT (id) DO NOTHING;
INSERT INTO cutoffs (id, branch_id, exam_name, category, year, cutoff_marks, cutoff_rank, cutoff_percentile, home_state_advantage) VALUES ('pes_bangalore_ece_kcet_obc_2024', 'pes_bangalore_ece', 'KCET', 'OBC', 2024, NULL, 9000, NULL, true) ON CONFLICT (id) DO NOTHING;
INSERT INTO cutoffs (id, branch_id, exam_name, category, year, cutoff_marks, cutoff_rank, cutoff_percentile, home_state_advantage) VALUES ('pes_bangalore_ece_kcet_obc_2023', 'pes_bangalore_ece', 'KCET', 'OBC', 2023, NULL, 9900, NULL, true) ON CONFLICT (id) DO NOTHING;
INSERT INTO cutoffs (id, branch_id, exam_name, category, year, cutoff_marks, cutoff_rank, cutoff_percentile, home_state_advantage) VALUES ('pes_bangalore_me_kcet_gen_2024', 'pes_bangalore_me', 'KCET', 'GEN', 2024, NULL, 18000, NULL, true) ON CONFLICT (id) DO NOTHING;
INSERT INTO cutoffs (id, branch_id, exam_name, category, year, cutoff_marks, cutoff_rank, cutoff_percentile, home_state_advantage) VALUES ('pes_bangalore_me_kcet_gen_2023', 'pes_bangalore_me', 'KCET', 'GEN', 2023, NULL, 19800, NULL, true) ON CONFLICT (id) DO NOTHING;
INSERT INTO cutoffs (id, branch_id, exam_name, category, year, cutoff_marks, cutoff_rank, cutoff_percentile, home_state_advantage) VALUES ('pes_bangalore_me_kcet_obc_2024', 'pes_bangalore_me', 'KCET', 'OBC', 2024, NULL, 27000, NULL, true) ON CONFLICT (id) DO NOTHING;
INSERT INTO cutoffs (id, branch_id, exam_name, category, year, cutoff_marks, cutoff_rank, cutoff_percentile, home_state_advantage) VALUES ('pes_bangalore_me_kcet_obc_2023', 'pes_bangalore_me', 'KCET', 'OBC', 2023, NULL, 29700, NULL, true) ON CONFLICT (id) DO NOTHING;
INSERT INTO cutoffs (id, branch_id, exam_name, category, year, cutoff_marks, cutoff_rank, cutoff_percentile, home_state_advantage) VALUES ('iiit_hyd_ap_cse_apeam_gen_2024', 'iiit_hyd_ap_cse', 'AP_EAMCET', 'GEN', 2024, NULL, 500, NULL, true) ON CONFLICT (id) DO NOTHING;
INSERT INTO cutoffs (id, branch_id, exam_name, category, year, cutoff_marks, cutoff_rank, cutoff_percentile, home_state_advantage) VALUES ('iiit_hyd_ap_cse_apeam_gen_2023', 'iiit_hyd_ap_cse', 'AP_EAMCET', 'GEN', 2023, NULL, 550, NULL, true) ON CONFLICT (id) DO NOTHING;
INSERT INTO cutoffs (id, branch_id, exam_name, category, year, cutoff_marks, cutoff_rank, cutoff_percentile, home_state_advantage) VALUES ('iiit_hyd_ap_cse_apeam_obc_2024', 'iiit_hyd_ap_cse', 'AP_EAMCET', 'OBC', 2024, NULL, 750, NULL, true) ON CONFLICT (id) DO NOTHING;
INSERT INTO cutoffs (id, branch_id, exam_name, category, year, cutoff_marks, cutoff_rank, cutoff_percentile, home_state_advantage) VALUES ('iiit_hyd_ap_cse_apeam_obc_2023', 'iiit_hyd_ap_cse', 'AP_EAMCET', 'OBC', 2023, NULL, 825, NULL, true) ON CONFLICT (id) DO NOTHING;
INSERT INTO cutoffs (id, branch_id, exam_name, category, year, cutoff_marks, cutoff_rank, cutoff_percentile, home_state_advantage) VALUES ('iiit_hyd_ap_ece_apeam_gen_2024', 'iiit_hyd_ap_ece', 'AP_EAMCET', 'GEN', 2024, NULL, 2000, NULL, true) ON CONFLICT (id) DO NOTHING;
INSERT INTO cutoffs (id, branch_id, exam_name, category, year, cutoff_marks, cutoff_rank, cutoff_percentile, home_state_advantage) VALUES ('iiit_hyd_ap_ece_apeam_gen_2023', 'iiit_hyd_ap_ece', 'AP_EAMCET', 'GEN', 2023, NULL, 2200, NULL, true) ON CONFLICT (id) DO NOTHING;
INSERT INTO cutoffs (id, branch_id, exam_name, category, year, cutoff_marks, cutoff_rank, cutoff_percentile, home_state_advantage) VALUES ('iiit_hyd_ap_ece_apeam_obc_2024', 'iiit_hyd_ap_ece', 'AP_EAMCET', 'OBC', 2024, NULL, 3000, NULL, true) ON CONFLICT (id) DO NOTHING;
INSERT INTO cutoffs (id, branch_id, exam_name, category, year, cutoff_marks, cutoff_rank, cutoff_percentile, home_state_advantage) VALUES ('iiit_hyd_ap_ece_apeam_obc_2023', 'iiit_hyd_ap_ece', 'AP_EAMCET', 'OBC', 2023, NULL, 3300, NULL, true) ON CONFLICT (id) DO NOTHING;
INSERT INTO cutoffs (id, branch_id, exam_name, category, year, cutoff_marks, cutoff_rank, cutoff_percentile, home_state_advantage) VALUES ('jntu_hyderabad_cse_apeam_gen_2024', 'jntu_hyderabad_cse', 'AP_EAMCET', 'GEN', 2024, NULL, 3000, NULL, true) ON CONFLICT (id) DO NOTHING;
INSERT INTO cutoffs (id, branch_id, exam_name, category, year, cutoff_marks, cutoff_rank, cutoff_percentile, home_state_advantage) VALUES ('jntu_hyderabad_cse_apeam_gen_2023', 'jntu_hyderabad_cse', 'AP_EAMCET', 'GEN', 2023, NULL, 3300, NULL, true) ON CONFLICT (id) DO NOTHING;
INSERT INTO cutoffs (id, branch_id, exam_name, category, year, cutoff_marks, cutoff_rank, cutoff_percentile, home_state_advantage) VALUES ('jntu_hyderabad_cse_apeam_obc_2024', 'jntu_hyderabad_cse', 'AP_EAMCET', 'OBC', 2024, NULL, 4500, NULL, true) ON CONFLICT (id) DO NOTHING;
INSERT INTO cutoffs (id, branch_id, exam_name, category, year, cutoff_marks, cutoff_rank, cutoff_percentile, home_state_advantage) VALUES ('jntu_hyderabad_cse_apeam_obc_2023', 'jntu_hyderabad_cse', 'AP_EAMCET', 'OBC', 2023, NULL, 4950, NULL, true) ON CONFLICT (id) DO NOTHING;
INSERT INTO cutoffs (id, branch_id, exam_name, category, year, cutoff_marks, cutoff_rank, cutoff_percentile, home_state_advantage) VALUES ('jntu_hyderabad_ece_apeam_gen_2024', 'jntu_hyderabad_ece', 'AP_EAMCET', 'GEN', 2024, NULL, 8000, NULL, true) ON CONFLICT (id) DO NOTHING;
INSERT INTO cutoffs (id, branch_id, exam_name, category, year, cutoff_marks, cutoff_rank, cutoff_percentile, home_state_advantage) VALUES ('jntu_hyderabad_ece_apeam_gen_2023', 'jntu_hyderabad_ece', 'AP_EAMCET', 'GEN', 2023, NULL, 8800, NULL, true) ON CONFLICT (id) DO NOTHING;
INSERT INTO cutoffs (id, branch_id, exam_name, category, year, cutoff_marks, cutoff_rank, cutoff_percentile, home_state_advantage) VALUES ('jntu_hyderabad_ece_apeam_obc_2024', 'jntu_hyderabad_ece', 'AP_EAMCET', 'OBC', 2024, NULL, 12000, NULL, true) ON CONFLICT (id) DO NOTHING;
INSERT INTO cutoffs (id, branch_id, exam_name, category, year, cutoff_marks, cutoff_rank, cutoff_percentile, home_state_advantage) VALUES ('jntu_hyderabad_ece_apeam_obc_2023', 'jntu_hyderabad_ece', 'AP_EAMCET', 'OBC', 2023, NULL, 13200, NULL, true) ON CONFLICT (id) DO NOTHING;
INSERT INTO cutoffs (id, branch_id, exam_name, category, year, cutoff_marks, cutoff_rank, cutoff_percentile, home_state_advantage) VALUES ('jntu_hyderabad_me_apeam_gen_2024', 'jntu_hyderabad_me', 'AP_EAMCET', 'GEN', 2024, NULL, 20000, NULL, true) ON CONFLICT (id) DO NOTHING;
INSERT INTO cutoffs (id, branch_id, exam_name, category, year, cutoff_marks, cutoff_rank, cutoff_percentile, home_state_advantage) VALUES ('jntu_hyderabad_me_apeam_gen_2023', 'jntu_hyderabad_me', 'AP_EAMCET', 'GEN', 2023, NULL, 22000, NULL, true) ON CONFLICT (id) DO NOTHING;
INSERT INTO cutoffs (id, branch_id, exam_name, category, year, cutoff_marks, cutoff_rank, cutoff_percentile, home_state_advantage) VALUES ('jntu_hyderabad_me_apeam_obc_2024', 'jntu_hyderabad_me', 'AP_EAMCET', 'OBC', 2024, NULL, 30000, NULL, true) ON CONFLICT (id) DO NOTHING;
INSERT INTO cutoffs (id, branch_id, exam_name, category, year, cutoff_marks, cutoff_rank, cutoff_percentile, home_state_advantage) VALUES ('jntu_hyderabad_me_apeam_obc_2023', 'jntu_hyderabad_me', 'AP_EAMCET', 'OBC', 2023, NULL, 33000, NULL, true) ON CONFLICT (id) DO NOTHING;
INSERT INTO cutoffs (id, branch_id, exam_name, category, year, cutoff_marks, cutoff_rank, cutoff_percentile, home_state_advantage) VALUES ('au_visakhapatnam_cse_apeam_gen_2024', 'au_visakhapatnam_cse', 'AP_EAMCET', 'GEN', 2024, NULL, 2500, NULL, true) ON CONFLICT (id) DO NOTHING;
INSERT INTO cutoffs (id, branch_id, exam_name, category, year, cutoff_marks, cutoff_rank, cutoff_percentile, home_state_advantage) VALUES ('au_visakhapatnam_cse_apeam_gen_2023', 'au_visakhapatnam_cse', 'AP_EAMCET', 'GEN', 2023, NULL, 2750, NULL, true) ON CONFLICT (id) DO NOTHING;
INSERT INTO cutoffs (id, branch_id, exam_name, category, year, cutoff_marks, cutoff_rank, cutoff_percentile, home_state_advantage) VALUES ('au_visakhapatnam_cse_apeam_obc_2024', 'au_visakhapatnam_cse', 'AP_EAMCET', 'OBC', 2024, NULL, 3750, NULL, true) ON CONFLICT (id) DO NOTHING;
INSERT INTO cutoffs (id, branch_id, exam_name, category, year, cutoff_marks, cutoff_rank, cutoff_percentile, home_state_advantage) VALUES ('au_visakhapatnam_cse_apeam_obc_2023', 'au_visakhapatnam_cse', 'AP_EAMCET', 'OBC', 2023, NULL, 4125, NULL, true) ON CONFLICT (id) DO NOTHING;
INSERT INTO cutoffs (id, branch_id, exam_name, category, year, cutoff_marks, cutoff_rank, cutoff_percentile, home_state_advantage) VALUES ('au_visakhapatnam_ece_apeam_gen_2024', 'au_visakhapatnam_ece', 'AP_EAMCET', 'GEN', 2024, NULL, 7000, NULL, true) ON CONFLICT (id) DO NOTHING;
INSERT INTO cutoffs (id, branch_id, exam_name, category, year, cutoff_marks, cutoff_rank, cutoff_percentile, home_state_advantage) VALUES ('au_visakhapatnam_ece_apeam_gen_2023', 'au_visakhapatnam_ece', 'AP_EAMCET', 'GEN', 2023, NULL, 7700, NULL, true) ON CONFLICT (id) DO NOTHING;
INSERT INTO cutoffs (id, branch_id, exam_name, category, year, cutoff_marks, cutoff_rank, cutoff_percentile, home_state_advantage) VALUES ('au_visakhapatnam_ece_apeam_obc_2024', 'au_visakhapatnam_ece', 'AP_EAMCET', 'OBC', 2024, NULL, 10500, NULL, true) ON CONFLICT (id) DO NOTHING;
INSERT INTO cutoffs (id, branch_id, exam_name, category, year, cutoff_marks, cutoff_rank, cutoff_percentile, home_state_advantage) VALUES ('au_visakhapatnam_ece_apeam_obc_2023', 'au_visakhapatnam_ece', 'AP_EAMCET', 'OBC', 2023, NULL, 11550, NULL, true) ON CONFLICT (id) DO NOTHING;
INSERT INTO cutoffs (id, branch_id, exam_name, category, year, cutoff_marks, cutoff_rank, cutoff_percentile, home_state_advantage) VALUES ('au_visakhapatnam_me_apeam_gen_2024', 'au_visakhapatnam_me', 'AP_EAMCET', 'GEN', 2024, NULL, 18000, NULL, true) ON CONFLICT (id) DO NOTHING;
INSERT INTO cutoffs (id, branch_id, exam_name, category, year, cutoff_marks, cutoff_rank, cutoff_percentile, home_state_advantage) VALUES ('au_visakhapatnam_me_apeam_gen_2023', 'au_visakhapatnam_me', 'AP_EAMCET', 'GEN', 2023, NULL, 19800, NULL, true) ON CONFLICT (id) DO NOTHING;
INSERT INTO cutoffs (id, branch_id, exam_name, category, year, cutoff_marks, cutoff_rank, cutoff_percentile, home_state_advantage) VALUES ('au_visakhapatnam_me_apeam_obc_2024', 'au_visakhapatnam_me', 'AP_EAMCET', 'OBC', 2024, NULL, 27000, NULL, true) ON CONFLICT (id) DO NOTHING;
INSERT INTO cutoffs (id, branch_id, exam_name, category, year, cutoff_marks, cutoff_rank, cutoff_percentile, home_state_advantage) VALUES ('au_visakhapatnam_me_apeam_obc_2023', 'au_visakhapatnam_me', 'AP_EAMCET', 'OBC', 2023, NULL, 29700, NULL, true) ON CONFLICT (id) DO NOTHING;
INSERT INTO cutoffs (id, branch_id, exam_name, category, year, cutoff_marks, cutoff_rank, cutoff_percentile, home_state_advantage) VALUES ('jadavpur_univ_cse_wbjee_gen_2024', 'jadavpur_univ_cse', 'WBJEE', 'GEN', 2024, NULL, 500, NULL, true) ON CONFLICT (id) DO NOTHING;
INSERT INTO cutoffs (id, branch_id, exam_name, category, year, cutoff_marks, cutoff_rank, cutoff_percentile, home_state_advantage) VALUES ('jadavpur_univ_cse_wbjee_gen_2023', 'jadavpur_univ_cse', 'WBJEE', 'GEN', 2023, NULL, 550, NULL, true) ON CONFLICT (id) DO NOTHING;
INSERT INTO cutoffs (id, branch_id, exam_name, category, year, cutoff_marks, cutoff_rank, cutoff_percentile, home_state_advantage) VALUES ('jadavpur_univ_cse_wbjee_obc_2024', 'jadavpur_univ_cse', 'WBJEE', 'OBC', 2024, NULL, 750, NULL, true) ON CONFLICT (id) DO NOTHING;
INSERT INTO cutoffs (id, branch_id, exam_name, category, year, cutoff_marks, cutoff_rank, cutoff_percentile, home_state_advantage) VALUES ('jadavpur_univ_cse_wbjee_obc_2023', 'jadavpur_univ_cse', 'WBJEE', 'OBC', 2023, NULL, 825, NULL, true) ON CONFLICT (id) DO NOTHING;
INSERT INTO cutoffs (id, branch_id, exam_name, category, year, cutoff_marks, cutoff_rank, cutoff_percentile, home_state_advantage) VALUES ('jadavpur_univ_ece_wbjee_gen_2024', 'jadavpur_univ_ece', 'WBJEE', 'GEN', 2024, NULL, 1500, NULL, true) ON CONFLICT (id) DO NOTHING;
INSERT INTO cutoffs (id, branch_id, exam_name, category, year, cutoff_marks, cutoff_rank, cutoff_percentile, home_state_advantage) VALUES ('jadavpur_univ_ece_wbjee_gen_2023', 'jadavpur_univ_ece', 'WBJEE', 'GEN', 2023, NULL, 1650, NULL, true) ON CONFLICT (id) DO NOTHING;
INSERT INTO cutoffs (id, branch_id, exam_name, category, year, cutoff_marks, cutoff_rank, cutoff_percentile, home_state_advantage) VALUES ('jadavpur_univ_ece_wbjee_obc_2024', 'jadavpur_univ_ece', 'WBJEE', 'OBC', 2024, NULL, 2250, NULL, true) ON CONFLICT (id) DO NOTHING;
INSERT INTO cutoffs (id, branch_id, exam_name, category, year, cutoff_marks, cutoff_rank, cutoff_percentile, home_state_advantage) VALUES ('jadavpur_univ_ece_wbjee_obc_2023', 'jadavpur_univ_ece', 'WBJEE', 'OBC', 2023, NULL, 2475, NULL, true) ON CONFLICT (id) DO NOTHING;
INSERT INTO cutoffs (id, branch_id, exam_name, category, year, cutoff_marks, cutoff_rank, cutoff_percentile, home_state_advantage) VALUES ('jadavpur_univ_me_wbjee_gen_2024', 'jadavpur_univ_me', 'WBJEE', 'GEN', 2024, NULL, 5000, NULL, true) ON CONFLICT (id) DO NOTHING;
INSERT INTO cutoffs (id, branch_id, exam_name, category, year, cutoff_marks, cutoff_rank, cutoff_percentile, home_state_advantage) VALUES ('jadavpur_univ_me_wbjee_gen_2023', 'jadavpur_univ_me', 'WBJEE', 'GEN', 2023, NULL, 5500, NULL, true) ON CONFLICT (id) DO NOTHING;
INSERT INTO cutoffs (id, branch_id, exam_name, category, year, cutoff_marks, cutoff_rank, cutoff_percentile, home_state_advantage) VALUES ('jadavpur_univ_me_wbjee_obc_2024', 'jadavpur_univ_me', 'WBJEE', 'OBC', 2024, NULL, 7500, NULL, true) ON CONFLICT (id) DO NOTHING;
INSERT INTO cutoffs (id, branch_id, exam_name, category, year, cutoff_marks, cutoff_rank, cutoff_percentile, home_state_advantage) VALUES ('jadavpur_univ_me_wbjee_obc_2023', 'jadavpur_univ_me', 'WBJEE', 'OBC', 2023, NULL, 8250, NULL, true) ON CONFLICT (id) DO NOTHING;
INSERT INTO cutoffs (id, branch_id, exam_name, category, year, cutoff_marks, cutoff_rank, cutoff_percentile, home_state_advantage) VALUES ('iiest_shibpur_cse_wbjee_gen_2024', 'iiest_shibpur_cse', 'WBJEE', 'GEN', 2024, NULL, 2000, NULL, true) ON CONFLICT (id) DO NOTHING;
INSERT INTO cutoffs (id, branch_id, exam_name, category, year, cutoff_marks, cutoff_rank, cutoff_percentile, home_state_advantage) VALUES ('iiest_shibpur_cse_wbjee_gen_2023', 'iiest_shibpur_cse', 'WBJEE', 'GEN', 2023, NULL, 2200, NULL, true) ON CONFLICT (id) DO NOTHING;
INSERT INTO cutoffs (id, branch_id, exam_name, category, year, cutoff_marks, cutoff_rank, cutoff_percentile, home_state_advantage) VALUES ('iiest_shibpur_cse_wbjee_obc_2024', 'iiest_shibpur_cse', 'WBJEE', 'OBC', 2024, NULL, 3000, NULL, true) ON CONFLICT (id) DO NOTHING;
INSERT INTO cutoffs (id, branch_id, exam_name, category, year, cutoff_marks, cutoff_rank, cutoff_percentile, home_state_advantage) VALUES ('iiest_shibpur_cse_wbjee_obc_2023', 'iiest_shibpur_cse', 'WBJEE', 'OBC', 2023, NULL, 3300, NULL, true) ON CONFLICT (id) DO NOTHING;
INSERT INTO cutoffs (id, branch_id, exam_name, category, year, cutoff_marks, cutoff_rank, cutoff_percentile, home_state_advantage) VALUES ('iiest_shibpur_ece_wbjee_gen_2024', 'iiest_shibpur_ece', 'WBJEE', 'GEN', 2024, NULL, 5000, NULL, true) ON CONFLICT (id) DO NOTHING;
INSERT INTO cutoffs (id, branch_id, exam_name, category, year, cutoff_marks, cutoff_rank, cutoff_percentile, home_state_advantage) VALUES ('iiest_shibpur_ece_wbjee_gen_2023', 'iiest_shibpur_ece', 'WBJEE', 'GEN', 2023, NULL, 5500, NULL, true) ON CONFLICT (id) DO NOTHING;
INSERT INTO cutoffs (id, branch_id, exam_name, category, year, cutoff_marks, cutoff_rank, cutoff_percentile, home_state_advantage) VALUES ('iiest_shibpur_ece_wbjee_obc_2024', 'iiest_shibpur_ece', 'WBJEE', 'OBC', 2024, NULL, 7500, NULL, true) ON CONFLICT (id) DO NOTHING;
INSERT INTO cutoffs (id, branch_id, exam_name, category, year, cutoff_marks, cutoff_rank, cutoff_percentile, home_state_advantage) VALUES ('iiest_shibpur_ece_wbjee_obc_2023', 'iiest_shibpur_ece', 'WBJEE', 'OBC', 2023, NULL, 8250, NULL, true) ON CONFLICT (id) DO NOTHING;
INSERT INTO cutoffs (id, branch_id, exam_name, category, year, cutoff_marks, cutoff_rank, cutoff_percentile, home_state_advantage) VALUES ('iiest_shibpur_me_wbjee_gen_2024', 'iiest_shibpur_me', 'WBJEE', 'GEN', 2024, NULL, 15000, NULL, true) ON CONFLICT (id) DO NOTHING;
INSERT INTO cutoffs (id, branch_id, exam_name, category, year, cutoff_marks, cutoff_rank, cutoff_percentile, home_state_advantage) VALUES ('iiest_shibpur_me_wbjee_gen_2023', 'iiest_shibpur_me', 'WBJEE', 'GEN', 2023, NULL, 16500, NULL, true) ON CONFLICT (id) DO NOTHING;
INSERT INTO cutoffs (id, branch_id, exam_name, category, year, cutoff_marks, cutoff_rank, cutoff_percentile, home_state_advantage) VALUES ('iiest_shibpur_me_wbjee_obc_2024', 'iiest_shibpur_me', 'WBJEE', 'OBC', 2024, NULL, 22500, NULL, true) ON CONFLICT (id) DO NOTHING;
INSERT INTO cutoffs (id, branch_id, exam_name, category, year, cutoff_marks, cutoff_rank, cutoff_percentile, home_state_advantage) VALUES ('iiest_shibpur_me_wbjee_obc_2023', 'iiest_shibpur_me', 'WBJEE', 'OBC', 2023, NULL, 24750, NULL, true) ON CONFLICT (id) DO NOTHING;
